degree,Cluster Subject 1,Cluster Subject 2,Cluster Subject 3,Cluster Subject 4,Subject 1 Requirement,Subject 2 Requirement,Institution,Programme
"BACHELOR OF TECHNICAL EDUCATION (BUILDING CONSTRUCTION OPTION, MECHANICAL ENGINEERING OPTION, ELECTRICAL AND ELECTRONIC OPTION) )",MAT A,PHY,HAG,BIO,MAT A: C+,PHY: C+,KIRINYAGA UNIVERSITY,"BACHELOR OF TECHNICAL EDUCATION (BUILDING CONSTRUCTION OPTION, MECHANICAL ENGINEERING OPTION, ELECTRICAL AND ELECTRONIC OPTION) )"
BACHELOR OF SCIENCE IN GEOINFORMATICS,MAT A,PHY,BIO,BIO,MAT A: C+,PHY: C+,TAITA TAVETA UNIVERSITY,BACHELOR OF SCIENCE IN GEOINFORMATICS
BACHELOR OF SCIENCE (GEOPHYSICS AND MINERALOGY),MAT A,PHY,BIO,BIO,MAT A: C+,PHY: C+,KISII UNIVERSITY,BACHELOR OF SCIENCE (GEOPHYSICS AND MINERALOGY)
BACHELOR OF SCIENCE (GEOLOGY),MAT A,PHY,BIO,BIO,MAT A: C+,PHY: C+,SOUTH EASTERN KENYA UNIVERSITY,BACHELOR OF SCIENCE (GEOLOGY)
BACHELOR OF SCIENCE (DISASTER MITIGATION AND SUSTAINABLE DEVELOPMENT),MAT A,PHY,BIO,BIO,MAT A: C,PHY: C,MASINDE MULIRO UNIVERSITY OF SCIENCE & TECHNOLOGY,BACHELOR OF SCIENCE (DISASTER MITIGATION AND SUSTAINABLE DEVELOPMENT)
BACHELOR OF ARTS(SPATIAL PLANNING),MAT A,PHY,HAG,BIO,MAT A: C,,JARAMOGI OGINGA ODINGA UNIVERSITY OF SCIENCE AND TECHNOLOGY,BACHELOR OF ARTS(SPATIAL PLANNING)
BACHELOR OF SCIENCE (METEOROLOGY),MAT A,PHY,BIO,BIO,MAT A: C+,PHY: C+,SOUTH EASTERN KENYA UNIVERSITY,BACHELOR OF SCIENCE (METEOROLOGY)
BACHELOR OF SCIENCE (HYDROLOGY AND WATER RESOURCES MANAGEMENT),MAT A,PHY,BIO,BIO,MAT A: C+,PHY: C+,SOUTH EASTERN KENYA UNIVERSITY,BACHELOR OF SCIENCE (HYDROLOGY AND WATER RESOURCES MANAGEMENT)
"BACHELOR OF SCIENCE (EARTH SCIENCE, WITH IT)",MAT A,PHY,BIO,BIO,MAT A: C+,PHY: C+,MASENO UNIVERSITY,"BACHELOR OF SCIENCE (EARTH SCIENCE, WITH IT)"
BACHELOR OF ENVIRONMENTAL STUDIES (EARTH SCIENCES) ,MAT A,PHY,BIO,BIO,MAT A: C+,PHY: C+,KENYATTA UNIVERSITY,BACHELOR OF SCIENCE (ENVIRONMENTAL EDUCATION)
BACHELOR OF INFORMATION COMMUNICATION TECHNOLOGY,MAT A,PHY,BIO,BIO,,MAT A: C,AFRICA INTERNATIONAL UNIVERSITY,BACHELOR OF SCIENCE IN INFORMATION TECHNOLOGY
BACHELOR OF SCIENCE (COMPUTER TECHNOLOGY),MAT A,PHY,BIO,BIO,MAT A: C+,PHY: C+,MASENO UNIVERSITY,BACHELOR OF SCIENCE (COMPUTER TECHNOLOGY)
BACHELOR OF SCIENCE IN COMPUTER SCIENCE,MAT A,PHY,BIO,BIO,MAT A: C+,PHY: C+,ALUPE UNIVERSITY COLLEGE,BACHELOR OF SCIENCE (COMPUTER SCIENCE)
BACHELOR OF SCIENCE (COMPUTER SCIENCE),MAT A,PHY,BIO,BIO,MAT A: C+,PHY: C+,ALUPE UNIVERSITY COLLEGE,BACHELOR OF SCIENCE (COMPUTER SCIENCE)
BACHELOR OF SCIENCE IN COMPUTER TECHNOLOGY,MAT A,PHY,BIO,BIO,MAT A: C+,PHY: C+,MASENO UNIVERSITY,BACHELOR OF SCIENCE (COMPUTER TECHNOLOGY)
BACHELOR OF INFORMATION TECHNOLOGY,MAT A,PHY,BIO,BIO,,MAT A: C,AFRICA INTERNATIONAL UNIVERSITY,BACHELOR OF SCIENCE IN INFORMATION TECHNOLOGY
BACHELOR OF SCIENCE (INFORMATION TECHNOLOGY),MAT A,PHY,BIO,BIO,,MAT A: C,AFRICA INTERNATIONAL UNIVERSITY,BACHELOR OF SCIENCE IN INFORMATION TECHNOLOGY
BACHELOR OF SCIENCE (INFORMATICS),MAT A,PHY,BIO,BIO,,MAT A: C,RONGO UNIVERSITY,BACHELOR OF SCIENCE (INFORMATICS)
BACHELOR OF INFORMATION TECHNOLOGY,MAT A,PHY,BIO,BIO,,MAT A: C,AFRICA INTERNATIONAL UNIVERSITY,BACHELOR OF SCIENCE IN INFORMATION TECHNOLOGY
BACHELOR OF SCIENCE IN INFORMATION TECHNOLOGY,MAT A,PHY,BIO,BIO,,MAT A: C,AFRICA INTERNATIONAL UNIVERSITY,BACHELOR OF SCIENCE IN INFORMATION TECHNOLOGY
BACHELOR OF SCIENCE (BIOMETRY AND INFORMATICS),MAT A,PHY,BIO,BIO,,MAT A: C,KISII UNIVERSITY,BACHELOR OF SCIENCE (BIOMETRY AND INFORMATICS)
BACHELOR OF SCIENCE IN APPLIED COMPUTING,MAT A,PHY,BIO,BIO,MAT A: C+,PHY: C+,ALUPE UNIVERSITY COLLEGE,BACHELOR OF SCIENCE (COMPUTER SCIENCE)
BACHELOR OF SCIENCE IN NETWORKS AND COMMUNICATION SYSTEMS ,MAT A,PHY,BIO,BIO,MAT A: C+,PHY: C+,"UNIVERSITY OF EASTERN AFRICA, BARATON",BACHELOR OF SCIENCE IN NETWORKS AND COMMUNICATION SYSTEMS 
BACHELOR OF SCIENCE (APPLIED COMPUTER SCIENCE),MAT A,PHY,BIO,BIO,MAT A: C+,PHY: C+,ALUPE UNIVERSITY COLLEGE,BACHELOR OF SCIENCE (COMPUTER SCIENCE)
BACHELOR OF ENGINEERING PHYSICS,MAT A,PHY,BIO,BIO,MAT A: C+,PHY: C+,CHUKA UNIVERSITY,BACHELOR OF ENGINEERING PHYSICS
BACHELOR OF SCIENCE IN INFORMATION SECURITY AND FORENSICS,MAT A,PHY,BIO,BIO,MAT A: C+,,KCA UNIVERSITY,BACHELOR OF SCIENCE IN INFORMATION SECURITY AND FORENSICS
BACHELOR OF SCIENCE IN TEXTILE TECHNOLOGY & APPLIED FASHION DESIGN,CHE,MAT A,BIO,ENG,CHE: C,,"UNIVERSITY OF EASTERN AFRICA, BARATON",BACHELOR OF SCIENCE (FASHION DESIGN AND TEXTILE TECHNOLOGY)
BACHELOR OF SCIENCE IN APPLIED PHYSICS,MAT A,PHY,BIO,BIO,MAT A: C+,PHY: C+,CHUKA UNIVERSITY,BACHELOR OF ENGINEERING PHYSICS
BACHELOR OF SCIENCE IN COMPUTING AND INFORMATION SYSTEMS,MAT A,PHY,BIO,BIO,MAT A: C+,,ST PAULS UNIVERSITY,BACHELOR OF SCIENCE IN COMPUTING AND INFORMATION SYSTEMS
BACHELOR OF SCIENCE IN INDUSTRIAL CHEMISTRY,MAT A,PHY,CHE,BIO,MAT A: C,PHY: C,KISII UNIVERSITY,BACHELOR OF SCIENCE (INDUSTRIAL CHEMISTRY)
BACHELOR OF SCIENCE (ANALYTICAL CHEMISTRY),MAT A,PHY,CHE,BIO,MAT A: C,PHY: C,KISII UNIVERSITY,BACHELOR OF SCIENCE (ANALYTICAL CHEMISTRY)
BACHELOR OF SCIENCE (FASHION DESIGN AND TEXTILE TECHNOLOGY),CHE,MAT A,BIO,ENG,CHE: C,,"UNIVERSITY OF EASTERN AFRICA, BARATON",BACHELOR OF SCIENCE (FASHION DESIGN AND TEXTILE TECHNOLOGY)
BACHELOR OF SCIENCE (INDUSTRIAL CHEMISTRY),MAT A,PHY,CHE,BIO,MAT A: C,PHY: C,KISII UNIVERSITY,BACHELOR OF SCIENCE (INDUSTRIAL CHEMISTRY)
"BACHELOR OF SCIENCE (INDUSTRIAL CHEMISTRY, WITH IT)",MAT A,PHY,CHE,BIO,MAT A: C,PHY: C,KISII UNIVERSITY,BACHELOR OF SCIENCE (INDUSTRIAL CHEMISTRY)
BACHELOR OF SCIENCE IN ANALYTICAL CHEMISTRY,MAT A,PHY,CHE,BIO,MAT A: C,PHY: C,KISII UNIVERSITY,BACHELOR OF SCIENCE (ANALYTICAL CHEMISTRY)
"BACHELOR OF TECHNOLOGY IN WATER, IRRIGATION AND ENVIRONMENTAL ENGINEERING",MAT A,PHY,CHE,BIO,MAT A: C+,PHY: C+,KIRINYAGA UNIVERSITY,"BACHELOR OF TECHNOLOGY IN WATER, IRRIGATION AND ENVIRONMENTAL ENGINEERING"
BACHELOR OF SCIENCE IN PETROLEUM EXPLORATION AND PRODUCTION,MAT A,PHY,CHE,BIO,MAT A: C+,PHY: C+,KISII UNIVERSITY,BACHELOR OF SCIENCE (PETROLEUM CHEMISTRY)
BACHELOR OF SCIENCE (AGRICULTURAL ENGINEERING),MAT A,PHY,CHE,BIO,MAT A: C+,PHY: C+,SOUTH EASTERN KENYA UNIVERSITY,BACHELOR OF SCIENCE (AGRICULTURAL ENGINEERING)
BACHELOR OF SCIENCE IN ANALYTICAL CHEMISTRY WITH COMPUTING,MAT A,PHY,CHE,BIO,MAT A: C,PHY: C,KISII UNIVERSITY,BACHELOR OF SCIENCE (ANALYTICAL CHEMISTRY)
BACHELOR OF SCIENCE IN COMPUTER SYSTEMS ENGINEERING,MAT A,PHY,CHE,BIO,MAT A: C+,PHY: C+,KIRINYAGA UNIVERSITY,BACHELOR OF SCIENCE IN COMPUTER SYSTEMS ENGINEERING
BACHELOR OF SCIENCE (MINING AND MINERAL PROCESSING ENGINEERING),MAT A,PHY,CHE,BIO,MAT A: C+,PHY: C+,CHUKA UNIVERSITY,BACHELOR OF SCIENCE (MINING PHYSICS)
BACHELOR OF TECHNOLOGY IN APPLIED CHEMISTRY,MAT A,PHY,CHE,BIO,MAT A: C,PHY: C,TECHNICAL UNIVERSITY OF MOMBASA,BACHELOR OF TECHNOLOGY IN APPLIED CHEMISTRY
BACHELOR OF EDUCATION TECHNOLOGY (COMPUTER STUDIES),MAT A,PHY,CHE,BIO,MAT A: C,PHY: C,MASINDE MULIRO UNIVERSITY OF SCIENCE & TECHNOLOGY,BACHELOR OF EDUCATION TECHNOLOGY (COMPUTER STUDIES)
BACHELOR OF SCIENCE (MINING PHYSICS),MAT A,PHY,CHE,BIO,MAT A: C+,PHY: C+,CHUKA UNIVERSITY,BACHELOR OF SCIENCE (MINING PHYSICS)
BACHELOR OF EDUCATION (TECHNOLOGY EDUCATION),MAT A,PHY,CHE,BIO,MAT A: C,PHY: C,MOI UNIVERSITY,BACHELOR OF EDUCATION (TECHNOLOGY EDUCATION)
BACHELOR OF SCIENCE (RENEWABLE ENERGY),MAT A,PHY,CHE,BIO,MAT A: C,PHY: C,KIBABII UNIVERSITY,BACHELOR OF SCIENCE (RENEWABLE ENERGY AND BIOFUELS TECHNOLOGY)
BACHELOR OF SCIENCE (ELECTRONICS),MAT A,PHY,CHE,BIO,MAT A: C,PHY: C,SOUTH EASTERN KENYA UNIVERSITY,BACHELOR OF SCIENCE (ELECTRONICS)
BACHELOR OF SCIENCE IN APPLIED OPTICS AND LASERS,MAT A,PHY,CHE,BIO,MAT A: C,PHY: C,MULTIMEDIA UNIVERSITY OF KENYA,BACHELOR OF SCIENCE IN APPLIED OPTICS AND LASERS
BACHELOR OF SCIENCE (RENEWABLE ENERGY AND BIOFUELS TECHNOLOGY),MAT A,PHY,CHE,BIO,MAT A: C,PHY: C,KIBABII UNIVERSITY,BACHELOR OF SCIENCE (RENEWABLE ENERGY AND BIOFUELS TECHNOLOGY)
BACHELOR OF ENGINEERING (INDUSTRIAL AND TEXTILE ENGINEERING),MAT A,PHY,CHE,BIO,MAT A: C+,PHY: C+,MOI UNIVERSITY,BACHELOR OF ENGINEERING (INDUSTRIAL AND TEXTILE ENGINEERING)
BACHELOR OF TECHNOLOGY IN RENEWABLE ENERGY,MAT A,PHY,CHE,BIO,MAT A: C,PHY: C,KIBABII UNIVERSITY,BACHELOR OF SCIENCE (RENEWABLE ENERGY AND BIOFUELS TECHNOLOGY)
BACHELOR OF SCIENCE (PETROLEUM CHEMISTRY),MAT A,PHY,CHE,BIO,MAT A: C,PHY: C,KISII UNIVERSITY,BACHELOR OF SCIENCE (PETROLEUM CHEMISTRY)
BACHELOR OF TECHNOLOGY IN RENEWABLE ENERGY & ENVIRONMENTAL PHYSICS,MAT A,PHY,CHE,BIO,MAT A: C,PHY: C,KIBABII UNIVERSITY,BACHELOR OF SCIENCE (RENEWABLE ENERGY AND BIOFUELS TECHNOLOGY)
BACHELOR OF SCIENCE (RENEWABLE ENERGY TECHNOLOGY AND MANAGEMENT),MAT A,PHY,CHE,BIO,MAT A: C+,PHY: C+,JARAMOGI OGINGA ODINGA UNIVERSITY OF SCIENCE AND TECHNOLOGY,BACHELOR OF SCIENCE (RENEWABLE ENERGY TECHNOLOGY AND MANAGEMENT)
BACHELOR OF TECHNOLOGY (CHEMICAL ENGINEERING),MAT A,PHY,CHE,BIO,MAT A: C+,PHY: C+,KIRINYAGA UNIVERSITY,BACHELOR OF TECHNOLOGY (CHEMICAL ENGINEERING)
BACHELOR OF SCIENCE IN RENEWABLE ENERGY TECHNOLOGY,MAT A,PHY,CHE,BIO,MAT A: C,PHY: C,KIBABII UNIVERSITY,BACHELOR OF SCIENCE (RENEWABLE ENERGY AND BIOFUELS TECHNOLOGY)
BACHELOR OF SCIENCE IN TELECOMMUNICATION,MAT A,PHY,CHE,BIO,MAT A: C,PHY: C,KABARAK UNIVERSITY,BACHELOR OF SCIENCE IN TELECOMMUNICATION
BACHELOR OF SCIENCE (DISASTER PREPAREDNESS AND ENVIRONMENT TECHNOLOGY),MAT A,PHY,CHE,BIO,MAT A: C+,PHY: C+,MASINDE MULIRO UNIVERSITY OF SCIENCE & TECHNOLOGY,BACHELOR OF SCIENCE (DISASTER MITIGATION AND SUSTAINABLE DEVELOPMENT)
BACHELOR OF SCIENCE (RENEWABLE ENERGY AND TECHNOLOGY),MAT A,PHY,CHE,BIO,MAT A: C,PHY: C,KIBABII UNIVERSITY,BACHELOR OF SCIENCE (RENEWABLE ENERGY AND BIOFUELS TECHNOLOGY)
BACHELOR OF TECHNOLOGY IN MECHANICAL VENTILATION AND AIR CONDITIONING,MAT A,PHY,CHE,BIO,MAT A: C,PHY: C,KIRINYAGA UNIVERSITY,BACHELOR OF TECHNOLOGY IN MECHANICAL VENTILATION AND AIR CONDITIONING
BACHELOR OF TECHNOLOGY (TELECOMMUNICATION AND INFORMATION ENGINEERING),MAT A,PHY,CHE,BIO,MAT A: C,PHY: C,KIRINYAGA UNIVERSITY,BACHELOR OF TECHNOLOGY (TELECOMMUNICATION AND INFORMATION ENGINEERING)
BACHELOR OF INDUSTRIAL TECHNOLOGY,MAT A,PHY,CHE,BIO,MAT A: C,PHY: C,EGERTON UNIVERSITY,BACHELOR OF INDUSTRIAL TECHNOLOGY
BACHELOR OF SCIENCE (AGRIBUSINESS MANAGEMENT & TRADE),MAT A,BIO,PHY,PHY,MAT A: C+,BIO: C+,"UNIVERSITY OF EASTERN AFRICA, BARATON",BACHELOR OF SCIENCE (AGRIBUSINESS)
BACHELOR OF SCIENCE (AGRIBUSINESS MANAGEMENT),MAT A,BIO,PHY,PHY,MAT A: C+,BIO: C+,"UNIVERSITY OF EASTERN AFRICA, BARATON",BACHELOR OF SCIENCE (AGRIBUSINESS)
BACHELOR OF SCIENCE (AGRI BUSINESS MANAGEMENT),MAT A,BIO,PHY,PHY,MAT A: C+,BIO: C+,"UNIVERSITY OF EASTERN AFRICA, BARATON",BACHELOR OF SCIENCE (AGRIBUSINESS)
BACHELOR OF SCIENCE(AGRIBUSINESS MANAGEMENT),MAT A,BIO,PHY,PHY,MAT A: C+,BIO: C+,"UNIVERSITY OF EASTERN AFRICA, BARATON",BACHELOR OF SCIENCE (AGRIBUSINESS)
BACHELOR OF SCIENCE IN AGRIBUSINESS MANGEMENT,MAT A,BIO,PHY,PHY,MAT A: C+,BIO: C+,"UNIVERSITY OF EASTERN AFRICA, BARATON",BACHELOR OF SCIENCE (AGRIBUSINESS)
"BACHELOR OF SCIENCE (AGRIBUSINESS MANAGEMENT, WITH IT)",MAT A,BIO,PHY,PHY,MAT A: C+,BIO: C+,"UNIVERSITY OF EASTERN AFRICA, BARATON",BACHELOR OF SCIENCE (AGRIBUSINESS)
BACHELOR OF SCIENCE (AGRICULTURAL ECONOMICS & RESOURCE MANAGEMENT),MAT A,BIO,PHY,PHY,MAT A: C+,BIO: C+,BOMET UNIVERSITY COLLEGE,BACHELOR OF SCIENCE (AGRICULTURAL ECONOMICS & RESOURCE MANAGEMENT)
BACHELOR OF SCIENCE AGRIBUSINESS MANAGEMENT,MAT A,BIO,PHY,PHY,MAT A: C+,BIO: C+,"UNIVERSITY OF EASTERN AFRICA, BARATON",BACHELOR OF SCIENCE (AGRIBUSINESS)
BACHELOR OF SCIENCE (AGRICULTURAL ECONOMICS AND RESOURCE MANAGEMENT),MAT A,BIO,PHY,PHY,MAT A: C+,BIO: C+,BOMET UNIVERSITY COLLEGE,BACHELOR OF SCIENCE (AGRICULTURAL ECONOMICS & RESOURCE MANAGEMENT)
BACHELOR OF SCIENCE (AGRICULTURAL RESOURCE MANAGEMENT),MAT A,BIO,PHY,PHY,MAT A: C+,BIO: C+,BOMET UNIVERSITY COLLEGE,BACHELOR OF SCIENCE (AGRICULTURAL ECONOMICS & RESOURCE MANAGEMENT)
BACHELOR OF SCIENCE ( AGRICULTURAL ECONOMICS AND RESOURCE MANAGEMENT),MAT A,BIO,PHY,PHY,MAT A: C+,BIO: C+,BOMET UNIVERSITY COLLEGE,BACHELOR OF SCIENCE (AGRICULTURAL ECONOMICS & RESOURCE MANAGEMENT)
BACHELOR OF SCIENCE (AGRICULTURE ECONOMICS & RESOURCE MANAGEMENT),MAT A,BIO,PHY,PHY,MAT A: C+,BIO: C+,BOMET UNIVERSITY COLLEGE,BACHELOR OF SCIENCE (AGRICULTURAL ECONOMICS & RESOURCE MANAGEMENT)
BACHELOR OF SCIENCE IN AGRICULTURE ECONOMICS & RESOURCE MANAGEMENT,MAT A,BIO,PHY,PHY,MAT A: C+,BIO: C+,BOMET UNIVERSITY COLLEGE,BACHELOR OF SCIENCE (AGRICULTURAL ECONOMICS & RESOURCE MANAGEMENT)
BACHELOR OF SCIENCE (AGRICULTURAL ECONOMICS,MAT A,BIO,PHY,PHY,MAT A: C+,BIO: C+,BOMET UNIVERSITY COLLEGE,BACHELOR OF SCIENCE (AGRICULTURAL ECONOMICS & RESOURCE MANAGEMENT)
BACHELOR OF SCIENCE IN AGRICULTURAL ECONOMICS,MAT A,BIO,PHY,PHY,MAT A: C+,BIO: C+,BOMET UNIVERSITY COLLEGE,BACHELOR OF SCIENCE (AGRICULTURAL ECONOMICS & RESOURCE MANAGEMENT)
BACHELOR OF SCIENCE IN AGRIBUSINESS MANAGEMENT AND MARKETING,MAT A,BIO,PHY,PHY,MAT A: C+,BIO: C+,"UNIVERSITY OF EASTERN AFRICA, BARATON",BACHELOR OF SCIENCE (AGRIBUSINESS)
"BACHELOR OF SCIENCE ( AGRICULTURAL ECONOMICS, WITH IT)",MAT A,BIO,PHY,PHY,MAT A: C+,BIO: C+,BOMET UNIVERSITY COLLEGE,BACHELOR OF SCIENCE (AGRICULTURAL ECONOMICS & RESOURCE MANAGEMENT)
BACHELOR OF SCIENCE (AGRICULTURAL ECONOMICS),MAT A,BIO,PHY,PHY,MAT A: C+,BIO: C+,BOMET UNIVERSITY COLLEGE,BACHELOR OF SCIENCE (AGRICULTURAL ECONOMICS & RESOURCE MANAGEMENT)
BACHELOR OF SCIENCE IN AGRIBUSINESS MANAGEMENT,MAT A,BIO,PHY,PHY,MAT A: C+,BIO: C+,"UNIVERSITY OF EASTERN AFRICA, BARATON",BACHELOR OF SCIENCE (AGRIBUSINESS)
BACHELOR OF SCIENCE (AGRIBUSINESS MANAGEMENT),MAT A,BIO,PHY,PHY,MAT A: C+,BIO: C+,"UNIVERSITY OF EASTERN AFRICA, BARATON",BACHELOR OF SCIENCE (AGRIBUSINESS)
BACHELOR OF AGRIBUSINESS MANAGEMENT,MAT A,BIO,PHY,PHY,MAT A: C+,BIO: C+,"UNIVERSITY OF EASTERN AFRICA, BARATON",BACHELOR OF SCIENCE (AGRIBUSINESS)
BACHELOR OF SCIENCE (AGRICULTURAL ECONOMICS AND RURAL DEVELOPMENT),MAT A,BIO,PHY,PHY,MAT A: C+,BIO: C+,BOMET UNIVERSITY COLLEGE,BACHELOR OF SCIENCE (AGRICULTURAL ECONOMICS & RESOURCE MANAGEMENT)
BACHELOR OF SCIENCE (AGRIBUSINESS),MAT A,BIO,PHY,PHY,MAT A: C+,BIO: C+,"UNIVERSITY OF EASTERN AFRICA, BARATON",BACHELOR OF SCIENCE (AGRIBUSINESS)
BACHELOR OF ARTS IN ANTHROPOLOGY,ENG,MAT A,HAG,BIO,,,CATHOLIC UNIVERSITY OF EAST AFRICA,BACHELOR OF ARTS IN ANTHROPOLOGY
BACHELOR OF SCIENCE IN AGRIBUSINESS MANAGEMENT AND TRADE,MAT A,BIO,PHY,PHY,MAT A: C+,BIO: C+,"UNIVERSITY OF EASTERN AFRICA, BARATON",BACHELOR OF SCIENCE (AGRIBUSINESS)
BACHELOR OF SOCIAL WORK,ENG,MAT A,HAG,BIO,,,TURKANA UNIVERSITY COLLEGE,BACHELOR OF SOCIAL WORK
BACHELOR OF SCIENCE IN AGRIBUSINESS ECONOMICS AND FOOD INDUSTRY MANAGEMENT,MAT A,BIO,PHY,PHY,MAT A: C+,BIO: C+,CO-OPERATIVE UNIVERSITY OF KENYA,BACHELOR OF SCIENCE (AGRIBUSINESS MANAGEMENT)
BACHELOR OF SCIENCE IN AGRIBUSINESS MANAGEMENT AND ENTREPRENEURSHIP,MAT A,BIO,PHY,PHY,MAT A: C+,BIO: C+,"UNIVERSITY OF EASTERN AFRICA, BARATON",BACHELOR OF SCIENCE (AGRIBUSINESS)
BACHELOR OF ARTS (PSYCHOLOGY),ENG,MAT A,HAG,BIO,,,ALUPE UNIVERSITY COLLEGE,BACHELOR OF SCIENCE (MEDICAL PSYCHOLOGY)
BACHELOR OF ARTS IN COMMUNITY DEVELOPMENT,ENG,MAT A,HAG,BIO,,,GRETSA UNIVERSITY,BACHELOR OF ARTS IN COMMUNITY DEVELOPMENT
BACHELOR OF DEVELOPMENT STUDIES,ENG,MAT A,HAG,BIO,,,GRETSA UNIVERSITY,BACHELOR OF ARTS IN COMMUNITY DEVELOPMENT
BACHELOR OF SCIENCE (COMMUNITY DEVELOPMENT),ENG,MAT A,HAG,BIO,,,GRETSA UNIVERSITY,BACHELOR OF ARTS IN COMMUNITY DEVELOPMENT
BACHELOR OF ARTS COMMUNITY DEVELOPMENT,ENG,MAT A,HAG,BIO,,,GRETSA UNIVERSITY,BACHELOR OF ARTS IN COMMUNITY DEVELOPMENT
BACHELOR OF ARTS IN DEVELOPMENT STUDIES,ENG,MAT A,HAG,BIO,,,GRETSA UNIVERSITY,BACHELOR OF ARTS IN COMMUNITY DEVELOPMENT
BACHELOR OF ARTS IN SUSTAINABLE HUMAN DEVELOPMENT,ENG,MAT A,HAG,BIO,,,TANGAZA UNIVERSITY COLLEGE,BACHELOR OF ARTS IN SUSTAINABLE HUMAN DEVELOPMENT
BACHELOR OF ARTS IN CHILDCARE AND PROTECTION,ENG,MAT A,HAG,BIO,,,PWANI UNIVERSITY,BACHELOR OF ARTS IN CHILDCARE AND PROTECTION
BACHELOR OF ARTS IN CHILD AND YOUTH STUDIES,ENG,MAT A,HAG,BIO,,,PWANI UNIVERSITY,BACHELOR OF ARTS IN CHILDCARE AND PROTECTION
BACHELOR OF ARTS IN COUNSELING PSYCHOLOGY,ENG,MAT A,HAG,BIO,,,ALUPE UNIVERSITY COLLEGE,BACHELOR OF SCIENCE (MEDICAL PSYCHOLOGY)
BACHELOR OF ARTS IN COUNSELLING PSYCHOLOGY,ENG,MAT A,HAG,BIO,,,ALUPE UNIVERSITY COLLEGE,BACHELOR OF SCIENCE (MEDICAL PSYCHOLOGY)
BACHELOR OF ARTS IN PHILOSOPHY,ENG,MAT A,HAG,BIO,,,CHUKA UNIVERSITY,BACHELOR OF ARTS IN PHILOSOPHY
BACHELOR OF MANAGEMENT AND LEADERSHIP,ENG,MAT A,HAG,BIO,,,BOMET UNIVERSITY COLLEGE,BACHELOR OF SCIENCE (STRATEGIC MANAGEMENT)
BACHELOR OF ARTS IN PHILOSOPHY AND LEADERSHIP STUDIES,ENG,MAT A,HAG,BIO,,,BOMET UNIVERSITY COLLEGE,BACHELOR OF SCIENCE (STRATEGIC MANAGEMENT)
"BACHELOR OF ARTS (FINE ART, WITH IT)",ENG,MAT A,HAG,BIO,ARD: C+,,MASENO UNIVERSITY,"BACHELOR OF ARTS (FINE ART, WITH IT)"
BACHELOR OF ARTS IN TRANSLATION STUDIES,ENG,MAT A,HAG,BIO,ENG: C+,,ST PAULS UNIVERSITY,BACHELOR OF ARTS IN TRANSLATION STUDIES
"BACHELOR OF SCIENCE (GRAPHIC, COMMUNICATION AND ADVERTISING)",ENG,MAT A,HAG,BIO,ARD: C+,,KCA UNIVERSITY,BACHELOR OF SCIENCE IN GAMING AND ANIMATION TECHNOLOGY
BACHELOR OF ARTS IN LEADERSHIP AND MANAGEMENT,ENG,MAT A,HAG,BIO,,,BOMET UNIVERSITY COLLEGE,BACHELOR OF SCIENCE (STRATEGIC MANAGEMENT)
BACHELOR OF LEADERSHIP AND MANAGEMENT,ENG,MAT A,HAG,BIO,,,BOMET UNIVERSITY COLLEGE,BACHELOR OF SCIENCE (STRATEGIC MANAGEMENT)
BACHELOR OF ARTS (PEACE AND CONFLICT STUDIES),ENG,MAT A,HAG,BIO,,,CATHOLIC UNIVERSITY OF EAST AFRICA,BACHELOR OF JUSTICE AND PEACE
BACHELOR OF ARTS (PHILOSOPHY),ENG,MAT A,HAG,BIO,,,CHUKA UNIVERSITY,BACHELOR OF ARTS IN PHILOSOPHY
BACHELOR OF SCIENCE (BIOLOGY),MAT A,BIO,BIO,BIO,MAT A: C,BIO: C+,"UNIVERSITY OF EASTERN AFRICA, BARATON",BACHELOR OF SCIENCE IN BIOLOGY
BACHELOR OF SCIENCE IN BIOLOGY,MAT A,BIO,BIO,BIO,MAT A: C,BIO: C+,"UNIVERSITY OF EASTERN AFRICA, BARATON",BACHELOR OF SCIENCE IN BIOLOGY
BACHELOR OF SCIENCE(BIOLOGICAL SCIENCES),MAT A,BIO,BIO,BIO,MAT A: C,BIO: C+,"UNIVERSITY OF EASTERN AFRICA, BARATON",BACHELOR OF SCIENCE IN BIOLOGY
BACHELOR OF SCIENCE IN BIOCHEMISTRY,MAT A,BIO,BIO,BIO,MAT A: C,BIO: C+,KARATINA UNIVERSITY,BACHELOR OF SCIENCE IN BIOCHEMISTRY
BACHELOR OF SCIENCE (BIOCHEMISTRY,MAT A,BIO,BIO,BIO,MAT A: C,BIO: C+,KARATINA UNIVERSITY,BACHELOR OF SCIENCE IN BIOCHEMISTRY
BACHELOR OF SCIENCE (BIOCHEMISTRY),MAT A,BIO,BIO,BIO,MAT A: C,BIO: C+,KARATINA UNIVERSITY,BACHELOR OF SCIENCE IN BIOCHEMISTRY
BACHELOR OF SCIENCE (BSC.),MAT A,BIO,BIO,BIO,MAT A: C,BIO: C+,CHUKA UNIVERSITY,BACHELOR OF SCIENCE
"BACHELOR OF SCIENCE (BASIC SCIENCE, WITH IT)",MAT A,BIO,BIO,BIO,MAT A: C,BIO: C+,CHUKA UNIVERSITY,BACHELOR OF SCIENCE
BSC (SCIENCE),MAT A,BIO,BIO,BIO,MAT A: C,BIO: C+,CHUKA UNIVERSITY,BACHELOR OF SCIENCE
BACHELOR OF SCIENCE,MAT A,BIO,BIO,BIO,MAT A: C,BIO: C+,CHUKA UNIVERSITY,BACHELOR OF SCIENCE
BACHELOR OF SCIENCE (B.SC),MAT A,BIO,BIO,BIO,MAT A: C,BIO: C+,CHUKA UNIVERSITY,BACHELOR OF SCIENCE
"BACHELOR OF SCIENCE(PHYSICS, BIOLOGY,CHEMISTRY,MATHEMATICS)",MAT A,BIO,BIO,BIO,MAT A: C,BIO: C+,CHUKA UNIVERSITY,BACHELOR OF SCIENCE
BACHELOR OF ARTS IN PEACE AND CONFLICT STUDIES,ENG,MAT A,HAG,BIO,,,CATHOLIC UNIVERSITY OF EAST AFRICA,BACHELOR OF JUSTICE AND PEACE
"BACHELOR OF ARTS (SOCIOLOGY AND ANTHROPOLOGY, WITH IT)",ENG,MAT A,HAG,BIO,,,CATHOLIC UNIVERSITY OF EAST AFRICA,BACHELOR OF ARTS IN SOCIOLOGY
BACHELOR OF JUSTICE AND PEACE,ENG,MAT A,HAG,BIO,,,CATHOLIC UNIVERSITY OF EAST AFRICA,BACHELOR OF JUSTICE AND PEACE
BACHELOR OF ARTS IN ARABIC LANGUAGE,ENG,MAT A,HAG,BIO,ENG: C+,,RAF INTERNATIONAL UNIVERSITY,BACHELOR OF ARTS IN ARABIC LANGUAGE
BACHELOR OF SCIENCE (PHYSICS),MAT A,BIO,BIO,BIO,MAT A: C,PHY: C+,CHUKA UNIVERSITY,BACHELOR OF ENGINEERING PHYSICS
BACHELOR OF SCIENCE (MICROBIOLOGY),MAT A,BIO,BIO,BIO,MAT A: C,BIO: C+,ALUPE UNIVERSITY COLLEGE,BACHELOR OF SCIENCE (MICROBIOLOGY)
BACHELOR OF ARTS IN PEACE STUDIES AND CONFLICT RESOLUTION,ENG,MAT A,HAG,BIO,,,CATHOLIC UNIVERSITY OF EAST AFRICA,BACHELOR OF JUSTICE AND PEACE
BACHELOR OF FILM AND ANIMATION,ENG,MAT A,HAG,BIO,ARD: C+,,MOUNT KENYA UNIVERSITY,BACHELOR OF FILM AND ANIMATION STUDIES
BACHELOR OF FILM AND ANIMATION STUDIES,ENG,MAT A,HAG,BIO,ARD: C+,,MOUNT KENYA UNIVERSITY,BACHELOR OF FILM AND ANIMATION STUDIES
BACHELOR OF COUNSELING PSYCHOLOGY,ENG,MAT A,HAG,BIO,,,ALUPE UNIVERSITY COLLEGE,BACHELOR OF SCIENCE (MEDICAL PSYCHOLOGY)
BACHELOR OF SOCIAL WORK AND ADMINISTRATION,ENG,MAT A,HAG,BIO,,,TURKANA UNIVERSITY COLLEGE,BACHELOR OF SOCIAL WORK
BACHELOR OF ARTS (SOCIOLOGY),ENG,MAT A,HAG,BIO,,,CATHOLIC UNIVERSITY OF EAST AFRICA,BACHELOR OF ARTS IN SOCIOLOGY
BACHELOR OF SCIENCE IN PHYSICS,MAT A,BIO,BIO,BIO,MAT A: C,PHY: C+,CHUKA UNIVERSITY,BACHELOR OF ENGINEERING PHYSICS
"BACHELOR OF SCIENCE (PHYSICS, WITH IT)",MAT A,BIO,BIO,BIO,MAT A: C,PHY: C+,CHUKA UNIVERSITY,BACHELOR OF ENGINEERING PHYSICS
BACHELOR OF SCIENCE IN GAMING AND ANIMATION TECHNOLOGY,ENG,MAT A,HAG,BIO,ARD: C+,,KCA UNIVERSITY,BACHELOR OF SCIENCE IN GAMING AND ANIMATION TECHNOLOGY
BACHELOR OF ARTS IN SOCIOLOGY,ENG,MAT A,HAG,BIO,,,CATHOLIC UNIVERSITY OF EAST AFRICA,BACHELOR OF ARTS IN SOCIOLOGY
BACHELOR OF SCIENCE (BIOTECHNOLOGY),MAT A,BIO,BIO,BIO,MAT A: C,BIO: C+,KISII UNIVERSITY,BACHELOR OF SCIENCE (BIOTECHNOLOGY)
BACHELOR OF SCIENCE IN MICROBIOLOGY AND BIOTECHNOLOGY,MAT A,BIO,BIO,BIO,MAT A: C,BIO: C+,ALUPE UNIVERSITY COLLEGE,BACHELOR OF SCIENCE (MICROBIOLOGY)
BACHELOR OF TECHNOLOGY IN INDUSTRIAL MICROBIOLOGY & BIOTECHNOLOGY,MAT A,BIO,BIO,BIO,MAT A: C,BIO: C+,TECHNICAL UNIVERSITY OF MOMBASA,BACHELOR OF TECHNOLOGY IN INDUSTRIAL MICROBIOLOGY & BIOTECHNOLOGY
BACHELOR OF SCIENCE (MICROBIOLOGY AND BIOTECHNOLOGY),MAT A,BIO,BIO,BIO,MAT A: C,BIO: C+,ALUPE UNIVERSITY COLLEGE,BACHELOR OF SCIENCE (MICROBIOLOGY)
BACHELOR OF SCIENCE (MOLECULAR & CELLULAR BIOLOGY),MAT A,BIO,BIO,BIO,MAT A: C,BIO: C+,KISII UNIVERSITY,BACHELOR OF SCIENCE (CELLULAR AND MOLECULAR BIOLOGY)
BACHELOR OF TECHNOLOGY (TECHNICAL AND APPLIED PHYSICS),MAT A,BIO,BIO,BIO,MAT A: C,PHY: C+,MACHAKOS UNIVERSITY,BACHELOR OF TECHNOLOGY (TECHNICAL AND APPLIED PHYSICS)
BACHELOR OF SCIENCE IN MOLECULAR BIOLOGY AND FORENSIC TECHNOLOGY,MAT A,BIO,BIO,BIO,MAT A: C,BIO: C+,TECHNICAL UNIVERSITY OF MOMBASA,BACHELOR OF SCIENCE IN MOLECULAR BIOLOGY AND FORENSIC TECHNOLOGY
BACHELOR OF SCIENCE (CELLULAR AND MOLECULAR BIOLOGY),MAT A,BIO,BIO,BIO,MAT A: C,BIO: C+,KISII UNIVERSITY,BACHELOR OF SCIENCE (CELLULAR AND MOLECULAR BIOLOGY)
BACHELOR OF SCIENCE IN BIOTECHNOLOGY AND BIOSAFETY,MAT A,BIO,BIO,BIO,MAT A: C,BIO: C+,KISII UNIVERSITY,BACHELOR OF SCIENCE (BIOTECHNOLOGY)
BACHELOR OF SCIENCE IN MICROBIOLOGY,MAT A,BIO,BIO,BIO,MAT A: C,BIO: C+,ALUPE UNIVERSITY COLLEGE,BACHELOR OF SCIENCE (MICROBIOLOGY)
BACHELOR OF SCIENCE (BIOCHEMISTRY AND MOLECULAR BIOLOGY),MAT A,BIO,BIO,BIO,MAT A: C,BIO: C+,KARATINA UNIVERSITY,BACHELOR OF SCIENCE IN BIOCHEMISTRY
BACHELOR OF SCIENCE (BOTANY),MAT A,BIO,BIO,BIO,MAT A: C,BIO: C+,MASENO UNIVERSITY,"BACHELOR OF SCIENCE (BOTANY, WITH IT)"
BACHELOR OF TECHNOLOGY (APPLIED BIOLOGY),MAT A,BIO,BIO,BIO,MAT A: C,BIO: C+,TECHNICAL UNIVERSITY OF KENYA,BACHELOR OF TECHNOLOGY (APPLIED BIOLOGY)
"BACHELOR OF SCIENCE (BOTANY, WITH IT)",MAT A,BIO,BIO,BIO,MAT A: C,BIO: C+,MASENO UNIVERSITY,"BACHELOR OF SCIENCE (BOTANY, WITH IT)"
BACHELOR OF SCIENCE IN ZOOLOGY (GENOMIC SCIENCE),MAT A,BIO,BIO,BIO,MAT A: C,BIO: C+,JOMO KENYATTA UNIVERSITY OF AGRICULTURE AND TECHNOLOGY,BACHELOR OF SCIENCE (ZOOLOGY)
BACHELOR OF SCIENCE (ZOOLOGY),MAT A,BIO,BIO,BIO,MAT A: C,BIO: C+,JOMO KENYATTA UNIVERSITY OF AGRICULTURE AND TECHNOLOGY,BACHELOR OF SCIENCE (ZOOLOGY)
BACHELOR OF SCIENCE IN  CHEMISTRY,MAT A,BIO,BIO,BIO,MAT A: C,CHE: C+,"UNIVERSITY OF EASTERN AFRICA, BARATON",BACHELOR OF SCIENCE IN CHEMISTRY
BACHELOR OF SCIENCE IN  POLYMER CHEMISTRY,MAT A,BIO,BIO,BIO,MAT A: C,CHE: C+,"UNIVERSITY OF EASTERN AFRICA, BARATON",BACHELOR OF SCIENCE IN CHEMISTRY
BACHELOR OF SCIENCE (FORENSIC SCIENCE),MAT A,BIO,BIO,BIO,MAT A: C,CHE: C+,KIRINYAGA UNIVERSITY,BACHELOR OF SCIENCE (FORENSIC SCIENCE)
BACHELOR OF SCIENCE IN CHEMISTRY,MAT A,BIO,BIO,BIO,MAT A: C,CHE: C+,"UNIVERSITY OF EASTERN AFRICA, BARATON",BACHELOR OF SCIENCE IN CHEMISTRY
BACHELOR OF SCIENCE (APPLIED BIOLOGY),MAT A,BIO,BIO,BIO,MAT A: C,BIO: C+,"UNIVERSITY OF EASTERN AFRICA, BARATON",BACHELOR OF SCIENCE IN BIOLOGY
BACHELOR OF SCIENCE (CHEMISTRY),MAT A,BIO,BIO,BIO,MAT A: C,CHE: C+,"UNIVERSITY OF EASTERN AFRICA, BARATON",BACHELOR OF SCIENCE IN CHEMISTRY
"BACHELOR OF SCIENCE CHEMISTRY ( INORGANIC, PHYSICAL AND ORGANIC OPTIONS)",MAT A,BIO,BIO,BIO,MAT A: C,CHE: C+,"UNIVERSITY OF EASTERN AFRICA, BARATON",BACHELOR OF SCIENCE IN CHEMISTRY
BACHELOR OF SCIENCE ( ENVIRONMENTAL CHEMISTRY),MAT A,BIO,BIO,BIO,MAT A: C,CHE: C+,KISII UNIVERSITY,BACHELOR OF SCIENCE ( ENVIRONMENTAL CHEMISTRY)
BACHELOR OF SCIENCE (CONSERVATION BIOLOGY),MAT A,BIO,BIO,BIO,MAT A: C,BIO: C+,KIBABII UNIVERSITY,BACHELOR OF SCIENCE ( BIO-RESOURCES MANAGEMENT AND CONSERVATION)
BACHELOR OF SCIENCE (FORENSIC BIOLOGY),MAT A,BIO,BIO,BIO,MAT A: C,BIO: C+,KISII UNIVERSITY,BACHELOR OF SCIENCE (FORENSIC BIOLOGY)
BACHELOR OF SCIENCE (ENVIRONMENTAL HEALTH),BIO,CHE,MAT A,ENG,BIO: C+,CHE: C+,ALUPE UNIVERSITY COLLEGE,BACHELOR OF SCIENCE (ENVIRONMENTAL HEALTH)
BACHELOR OF SCIENCE IN ENVIRONMENTAL HEALTH,BIO,CHE,MAT A,ENG,BIO: C+,CHE: C+,ALUPE UNIVERSITY COLLEGE,BACHELOR OF SCIENCE (ENVIRONMENTAL HEALTH)
BACHELOR OF SCIENCE IN HEALTH EDUCATION AND PROMOTION,BIO,CHE,MAT A,ENG,BIO: C+,CHE: C+,MOUNT KENYA UNIVERSITY,BACHELOR OF SCIENCE IN HEALTH EDUCATION AND PROMOTION
BACHELOR OF SCIENCE (MEDICAL PSYCHOLOGY),BIO,CHE,MAT A,ENG,BIO: C+,MAT A: C+,ALUPE UNIVERSITY COLLEGE,BACHELOR OF SCIENCE (MEDICAL PSYCHOLOGY)
BACHELOR OF ARTS (GERMAN),GER,ENG,MAT A,BIO,GER: C+,,PWANI UNIVERSITY,BACHELOR OF ARTS (GERMAN)
BACHELOR OF SCIENCE IN COMMUNITY HEALTH AND DEVELOPMENT,BIO,CHE,MAT A,ENG,BIO: C+,CHE: C+,AMREF INTERNATIONAL UNIVERSITY,BACHELOR OF SCIENCE IN COMMUNITY HEALTH
BACHELOR OF SCIENCE (COMMUNITY HEALTH AND DEVELOPMENT),BIO,CHE,MAT A,ENG,BIO: C+,CHE: C+,AMREF INTERNATIONAL UNIVERSITY,BACHELOR OF SCIENCE IN COMMUNITY HEALTH
BACHELOR OF SCIENCE IN COMMUNITY HEALTH,BIO,CHE,MAT A,ENG,BIO: C+,CHE: C+,AMREF INTERNATIONAL UNIVERSITY,BACHELOR OF SCIENCE IN COMMUNITY HEALTH
BACHELOR OF SCIENCE (COMMUNITY HEALTH & DEVELOPMENT),BIO,CHE,MAT A,ENG,BIO: C+,CHE: C+,AMREF INTERNATIONAL UNIVERSITY,BACHELOR OF SCIENCE IN COMMUNITY HEALTH
BACHELOR OF ARTS (FRENCH),FRE,ENG,MAT A,BIO,FRE: C+,,KAIMOSI FRIENDS UNIVERSITY COLLEGE,BACHELOR OF EDUCATION (FRENCH)
"BACHELOR OF ARTS (MUSIC, WITH IT)",MUC,ENG,MAT A,BIO,MUC: C+,,"UNIVERSITY OF EASTERN AFRICA, BARATON",BACHELOR OF ARTS (MUSIC)
BACHELOR OF ARTS (MUSIC),MUC,ENG,MAT A,BIO,MUC: C+,,"UNIVERSITY OF EASTERN AFRICA, BARATON",BACHELOR OF ARTS (MUSIC)
"BACHELOR OF EDUCATION (FRENCH, WITH IT)",FRE,ENG,MAT A,BIO,FRE: C+,,KAIMOSI FRIENDS UNIVERSITY COLLEGE,BACHELOR OF EDUCATION (FRENCH)
BACHELOR OF EDUCATION (FRENCH),FRE,ENG,MAT A,BIO,FRE: C+,,KAIMOSI FRIENDS UNIVERSITY COLLEGE,BACHELOR OF EDUCATION (FRENCH)
BACHELOR OF MUSIC (TECHNOLOGY),MUC,ENG,MAT A,BIO,MUC: C+,,KENYATTA UNIVERSITY,BACHELOR OF MUSIC (TECHNOLOGY)
BACHELOR OF COMMERCE (B.COM),ENG,MAT A,BIO,BIO,MAT A: C,,GRETSA UNIVERSITY,BACHELOR OF COMMERCE
BACHELOR OF SCIENCE (RECORDS MANAGEMENT AND INFORMATION TECHNOLOGY),ENG,MAT A,BIO,BIO,MAT A: C,,KENYA HIGHLANDS EVANGELICAL UNIVERSITY,BACHELOR OF SCIENCE (RECORDS MANAGEMENT AND INFORMATION TECHNOLOGY)
BACHELOR OF COMMERCE,ENG,MAT A,BIO,BIO,MAT A: C,,GRETSA UNIVERSITY,BACHELOR OF COMMERCE
BACHELOR OF SCIENCE (INFORMATION SCIENCE),ENG,MAT A,BIO,BIO,MAT A: C,,CHUKA UNIVERSITY,BACHELOR OF SCIENCE IN INFORMATION SCIENCE
BACHELOR OF SCIENCE (INFORMATION SCIENCES AND KNOWLEDGE MANAGEMENT),ENG,MAT A,BIO,BIO,MAT A: C,,CHUKA UNIVERSITY,BACHELOR OF SCIENCE IN INFORMATION SCIENCE
BACHELOR OF SCIENCE IN INFORMATION SCIENCES,ENG,MAT A,BIO,BIO,MAT A: C,,CHUKA UNIVERSITY,BACHELOR OF SCIENCE IN INFORMATION SCIENCE
BACHELOR OF SCIENCE IN INFORMATION SCIENCE,ENG,MAT A,BIO,BIO,MAT A: C,,CHUKA UNIVERSITY,BACHELOR OF SCIENCE IN INFORMATION SCIENCE
BACHELOR OF SECRETARIAL MANAGEMENT AND ADMINISTRATION,ENG,MAT A,BIO,BIO,MAT A: C,,KISII UNIVERSITY,BACHELOR OF SECRETARIAL MANAGEMENT AND ADMINISTRATION
BACHELOR OF BUSINESS AND MANAGEMENT,ENG,MAT A,BIO,BIO,MAT A: C,,ALUPE UNIVERSITY COLLEGE,BACHELOR OF BUSINESS MANAGEMENT
BACHELOR OF BUSINESS MANAGEMENT,ENG,MAT A,BIO,BIO,MAT A: C,,ALUPE UNIVERSITY COLLEGE,BACHELOR OF BUSINESS MANAGEMENT
BACHELOR OF BUSINESS ADMINISTRATION IN MANAGEMENT,ENG,MAT A,BIO,BIO,MAT A: C,,ALUPE UNIVERSITY COLLEGE,BACHELOR OF BUSINESS MANAGEMENT
BACHELOR IN BUSINESS ADMINISTRATION,ENG,MAT A,BIO,BIO,MAT A: C,,AFRICA INTERNATIONAL UNIVERSITY,BACHELOR IN BUSINESS ADMINISTRATION
BACHELOR OF BUSINESS ADMINISTRATION,ENG,MAT A,BIO,BIO,MAT A: C,,AFRICA INTERNATIONAL UNIVERSITY,BACHELOR IN BUSINESS ADMINISTRATION
BACHELOR OF BUSINESS ADMINISTRATION ( WITH IT),ENG,MAT A,BIO,BIO,MAT A: C,,AFRICA INTERNATIONAL UNIVERSITY,BACHELOR IN BUSINESS ADMINISTRATION
"BACHELOR OF SCIENCE IN MARKETING, WITH IT",ENG,MAT A,BIO,BIO,MAT A: C,,ALUPE UNIVERSITY COLLEGE,BACHELOR OF BUSINESS MANAGEMENT
BACHELOR OF BUSINESS ADMINISTRATION WITH IT,ENG,MAT A,BIO,BIO,MAT A: C,,AFRICA INTERNATIONAL UNIVERSITY,BACHELOR IN BUSINESS ADMINISTRATION
BACHELOR OF TOURISM MANAGEMENT,ENG,MAT A,BIO,BIO,MAT A: C,,CO-OPERATIVE UNIVERSITY OF KENYA,BACHELOR OF TOURISM AND TRAVEL MANAGEMENT
BACHELOR OF SCIENCE IN TOURISM MANAGEMENT,ENG,MAT A,BIO,BIO,MAT A: C,,CO-OPERATIVE UNIVERSITY OF KENYA,BACHELOR OF TOURISM AND TRAVEL MANAGEMENT
BACHELOR IN BUSINESS ADMINISTRATION IN MARKETING,ENG,MAT A,BIO,BIO,MAT A: C,,AFRICA INTERNATIONAL UNIVERSITY,BACHELOR IN BUSINESS ADMINISTRATION
BACHELOR OF HUMAN RESOURCES MANAGEMENT,ENG,MAT A,BIO,BIO,MAT A: C,,BOMET UNIVERSITY COLLEGE,BACHELOR OF SCIENCE (HUMAN RESOURCE MANAGEMENT)
BACHELOR OF SCIENCE (TOURISM MANAGEMENT),ENG,MAT A,BIO,BIO,MAT A: C,,CO-OPERATIVE UNIVERSITY OF KENYA,BACHELOR OF TOURISM AND TRAVEL MANAGEMENT
BACHELOR OF BUSINESS ADMINISTRATION IN OFFICE ADMINISTRATION,ENG,MAT A,BIO,BIO,MAT A: C,,ALUPE UNIVERSITY COLLEGE,BACHELOR OF BUSINESS MANAGEMENT
BACHELOR OF HUMAN RESOURCE MANAGEMENT,ENG,MAT A,BIO,BIO,MAT A: C,,BOMET UNIVERSITY COLLEGE,BACHELOR OF SCIENCE (HUMAN RESOURCE MANAGEMENT)
BACHELOR OF BUSINESS ADMINISTRATION AND MANAGEMENT,ENG,MAT A,BIO,BIO,MAT A: C,,AFRICA INTERNATIONAL UNIVERSITY,BACHELOR IN BUSINESS ADMINISTRATION
BACHELOR OF SCIENCE (HUMAN RESOURCE MANAGEMENT),ENG,MAT A,BIO,BIO,MAT A: C,,BOMET UNIVERSITY COLLEGE,BACHELOR OF SCIENCE (HUMAN RESOURCE MANAGEMENT)
BACHELOR OF SCIENCE IN HUMAN REOURCE MANAGEMENT,ENG,MAT A,BIO,BIO,MAT A: C,,BOMET UNIVERSITY COLLEGE,BACHELOR OF SCIENCE (HUMAN RESOURCE MANAGEMENT)
"BACHELOR OF SCIENCE IN HUMAN RESOURCE MANAGEMENT, WITH IT",ENG,MAT A,BIO,BIO,MAT A: C,,BOMET UNIVERSITY COLLEGE,BACHELOR OF SCIENCE (HUMAN RESOURCE MANAGEMENT)
BACHELOR OF SCIENCE IN HUMAN RESOURCE MANAGEMENT,ENG,MAT A,BIO,BIO,MAT A: C,,BOMET UNIVERSITY COLLEGE,BACHELOR OF SCIENCE (HUMAN RESOURCE MANAGEMENT)
BACHELOR OF SCIENCE IN BUSINESS INNOVATION AND TECHNOLOGY MANAGEMENT,ENG,MAT A,BIO,BIO,MAT A: C,,JOMO KENYATTA UNIVERSITY OF AGRICULTURE AND TECHNOLOGY,BACHELOR OF SCIENCE IN BUSINESS INNOVATION AND TECHNOLOGY MANAGEMENT
BACHELOR OF SCIENCE IN BUSINESS ADMINISTRATION,ENG,MAT A,BIO,BIO,MAT A: C,,AFRICA INTERNATIONAL UNIVERSITY,BACHELOR IN BUSINESS ADMINISTRATION
BACHELOR OF HOSPITALITY AND INSTITUTIONAL MANAGEMENT,ENG,MAT A,BIO,BIO,MAT A: C,,ALUPE UNIVERSITY COLLEGE,BACHELOR OF HOTEL AND HOSPITALITY MANAGEMENT
BACHELOR OF SCIENCE (HOSPITALITY & TOURISM MANAGEMENT),ENG,MAT A,BIO,BIO,MAT A: C,,ALUPE UNIVERSITY COLLEGE,BACHELOR OF HOTEL AND HOSPITALITY MANAGEMENT
BACHELOR OF BUSINESS AND INFORMATION TECHNOLOGY,ENG,MAT A,BIO,BIO,MAT A: C,,"UNIVERSITY OF EASTERN AFRICA, BARATON",BACHELOR OF BUSINESS INFORMATION TECHNOLOGY
BACHELOR OF SCIENCE (HOSPITALITY AND TOURISM MANAGEMENT),ENG,MAT A,BIO,BIO,MAT A: C,,ALUPE UNIVERSITY COLLEGE,BACHELOR OF HOTEL AND HOSPITALITY MANAGEMENT
BACHELOR OF HOSPITALITY AND TOURISM MANAGEMENT,ENG,MAT A,BIO,BIO,MAT A: C,,ALUPE UNIVERSITY COLLEGE,BACHELOR OF HOTEL AND HOSPITALITY MANAGEMENT
BACHELOR OF SUSTAINABLE TOURISM AND HOSPITALITY MANAGEMENT,ENG,MAT A,BIO,BIO,MAT A: C,,ALUPE UNIVERSITY COLLEGE,BACHELOR OF HOTEL AND HOSPITALITY MANAGEMENT
BACHELOR OF HOTELS AND HOSPITALITY MANAGEMENT,ENG,MAT A,BIO,BIO,MAT A: C,,ALUPE UNIVERSITY COLLEGE,BACHELOR OF HOTEL AND HOSPITALITY MANAGEMENT
BACHELOR OF HOTEL & HOSPITALITY MANAGEMENT,ENG,MAT A,BIO,BIO,MAT A: C,,ALUPE UNIVERSITY COLLEGE,BACHELOR OF HOTEL AND HOSPITALITY MANAGEMENT
BACHELOR OF HOTEL AND HOSPITALITY MANAGEMENT,ENG,MAT A,BIO,BIO,MAT A: C,,ALUPE UNIVERSITY COLLEGE,BACHELOR OF HOTEL AND HOSPITALITY MANAGEMENT
BACHELOR OF TECHNOLOGY IN HOTEL & HOSPITALITY MANAGEMENT,ENG,MAT A,BIO,BIO,MAT A: C,,TECHNICAL UNIVERSITY OF MOMBASA,BACHELOR OF TECHNOLOGY IN HOTEL & HOSPITALITY MANAGEMENT
"BACHELOR OF SCIENCE (ECO-TOURISM, HOTEL AND INSTITUTION MANAGEMENT, WITH IT)",ENG,MAT A,BIO,BIO,MAT A: C,,ALUPE UNIVERSITY COLLEGE,BACHELOR OF HOTEL AND HOSPITALITY MANAGEMENT
BACHELOR OF SCIENCE IN ECOTOURISM,ENG,MAT A,BIO,BIO,MAT A: C,,ALUPE UNIVERSITY COLLEGE,BACHELOR OF HOTEL AND HOSPITALITY MANAGEMENT
BACHELOR OF TOURISM AND HOSPITALITY MANAGEMENT,ENG,MAT A,BIO,BIO,MAT A: C,,ALUPE UNIVERSITY COLLEGE,BACHELOR OF HOTEL AND HOSPITALITY MANAGEMENT
BACHELOR OF SCIENCE (ECOTOURISM & HOSPITALITY MANAGEMENT),ENG,MAT A,BIO,BIO,MAT A: C,,ALUPE UNIVERSITY COLLEGE,BACHELOR OF HOTEL AND HOSPITALITY MANAGEMENT
BACHELOR OF SCIENCE IN HOSPITALITY MANAGEMENT,ENG,MAT A,BIO,BIO,MAT A: C,,ALUPE UNIVERSITY COLLEGE,BACHELOR OF HOTEL AND HOSPITALITY MANAGEMENT
BACHELOR OF SCIENCE IN LIBRARY AND INFORMATION SCIENCE,ENG,MAT A,BIO,BIO,MAT A: C,,CATHOLIC UNIVERSITY OF EAST AFRICA,BACHELOR OF SCIENCE IN LIBRARY AND INFORMATION SCIENCE
BACHELOR OF LIBRARY AND INFORMATION SCIENCE,ENG,MAT A,BIO,BIO,MAT A: C,,CATHOLIC UNIVERSITY OF EAST AFRICA,BACHELOR OF SCIENCE IN LIBRARY AND INFORMATION SCIENCE
BACHELOR OF SCIENCE  IN INFORMATION SCIENCE,ENG,MAT A,BIO,BIO,MAT A: C,,CATHOLIC UNIVERSITY OF EAST AFRICA,BACHELOR OF SCIENCE IN LIBRARY AND INFORMATION SCIENCE
BACHELOR OF LIBRARY AND INFORMATION STUDIES,ENG,MAT A,BIO,BIO,MAT A: C,,CATHOLIC UNIVERSITY OF EAST AFRICA,BACHELOR OF SCIENCE IN LIBRARY AND INFORMATION SCIENCE
BACHELOR OF TRAVEL & TOURS MANAGEMENT,ENG,MAT A,BIO,BIO,MAT A: C,,CO-OPERATIVE UNIVERSITY OF KENYA,BACHELOR OF TOURISM AND TRAVEL MANAGEMENT
BACHELOR OF TRAVEL AND TOURS OPERATIONS MANAGEMENT,ENG,MAT A,BIO,BIO,MAT A: C,,CO-OPERATIVE UNIVERSITY OF KENYA,BACHELOR OF TOURISM AND TRAVEL MANAGEMENT
BACHELOR OF LOGISTICS AND SUPPLY CHAIN MANAGEMENT,ENG,MAT A,BIO,BIO,MAT A: C,,AFRICA NAZARENE UNIVERSITY,BACHELOR OF PROCUREMENT AND SUPPLY CHAIN MANAGEMENT
BACHELOR OF INTERNATIONAL TOURISM MANAGEMENT,ENG,MAT A,BIO,BIO,MAT A: C,,CO-OPERATIVE UNIVERSITY OF KENYA,BACHELOR OF TOURISM AND TRAVEL MANAGEMENT
BACHELOR OF PURCHASING & SUPPLIES MANAGEMENT,ENG,MAT A,BIO,BIO,MAT A: C,,AFRICA NAZARENE UNIVERSITY,BACHELOR OF PROCUREMENT AND SUPPLY CHAIN MANAGEMENT
BACHELOR OF PROCUREMENT AND SUPPLIES MANAGEMENT,ENG,MAT A,BIO,BIO,MAT A: C,,AFRICA NAZARENE UNIVERSITY,BACHELOR OF PROCUREMENT AND SUPPLY CHAIN MANAGEMENT
BACHELOR PURCHASING AND SUPPLIES MANAGEMENT,ENG,MAT A,BIO,BIO,MAT A: C,,AFRICA NAZARENE UNIVERSITY,BACHELOR OF PROCUREMENT AND SUPPLY CHAIN MANAGEMENT
BACHELOR OF BUSINESS INFORMATION TECHNOLOGY,ENG,MAT A,BIO,BIO,MAT A: C,,"UNIVERSITY OF EASTERN AFRICA, BARATON",BACHELOR OF BUSINESS INFORMATION TECHNOLOGY
BACHELOR OF PROCUREMENT AND SUPPLY CHAIN MANAGEMENT,ENG,MAT A,BIO,BIO,MAT A: C,,AFRICA NAZARENE UNIVERSITY,BACHELOR OF PROCUREMENT AND SUPPLY CHAIN MANAGEMENT
BACHELOR OF PURCHASING AND SUPPLIES MANAGEMENT,ENG,MAT A,BIO,BIO,MAT A: C,,AFRICA NAZARENE UNIVERSITY,BACHELOR OF PROCUREMENT AND SUPPLY CHAIN MANAGEMENT
BACHELOR OF SCIENCE (PROCUREMENT AND SUPPLIES MANAGEMENT),ENG,MAT A,BIO,BIO,MAT A: C,,AFRICA NAZARENE UNIVERSITY,BACHELOR OF PROCUREMENT AND SUPPLY CHAIN MANAGEMENT
BACHELOR OF PURCHASING AND SUPPLY CHAIN MANAGEMENT,ENG,MAT A,BIO,BIO,MAT A: C,,AFRICA NAZARENE UNIVERSITY,BACHELOR OF PROCUREMENT AND SUPPLY CHAIN MANAGEMENT
BACHELOR OF ENTREPRENEURSHIP,ENG,MAT A,BIO,BIO,MAT A: C,,AFRICA INTERNATIONAL UNIVERSITY,BACHELOR OF SCIENCE IN ENTREPRENEURSHIP
BACHELOR OF SCIENCE (ENTREPRENEURSHIP AND SMALL ENTERPRISES MANAGEMENT),ENG,MAT A,BIO,BIO,MAT A: C,,AFRICA INTERNATIONAL UNIVERSITY,BACHELOR OF SCIENCE IN ENTREPRENEURSHIP
BACHELOR OF SCIENCE IN ENTREPRENEURSHIP,ENG,MAT A,BIO,BIO,MAT A: C,,AFRICA INTERNATIONAL UNIVERSITY,BACHELOR OF SCIENCE IN ENTREPRENEURSHIP
BACHELOR OF ENTREPRENEURSHIP AND ENTERPRISE MANAGEMENT,ENG,MAT A,BIO,BIO,MAT A: C,,AFRICA INTERNATIONAL UNIVERSITY,BACHELOR OF SCIENCE IN ENTREPRENEURSHIP
BACHELOR OF PROCUREMENT AND LOGISTICS MANAGEMENT,ENG,MAT A,BIO,BIO,MAT A: C,,AFRICA NAZARENE UNIVERSITY,BACHELOR OF PROCUREMENT AND SUPPLY CHAIN MANAGEMENT
BACHELOR OF SCIENCE (ENTREPRENEURSHIP STUDIES),ENG,MAT A,BIO,BIO,MAT A: C,,AFRICA INTERNATIONAL UNIVERSITY,BACHELOR OF SCIENCE IN ENTREPRENEURSHIP
BACHELOR OF SCIENCE (ENTREPRENEURSHIP),ENG,MAT A,BIO,BIO,MAT A: C,,AFRICA INTERNATIONAL UNIVERSITY,BACHELOR OF SCIENCE IN ENTREPRENEURSHIP
BACHELOR OF ENTREPRENUERSHIP & SMALL BUSINESS MANAGEMENT,ENG,MAT A,BIO,BIO,MAT A: C,,AFRICA INTERNATIONAL UNIVERSITY,BACHELOR OF SCIENCE IN ENTREPRENEURSHIP
BACHELOR OF SCIENCE IN ENTREPRENEURSHIP,ENG,MAT A,BIO,BIO,MAT A: C,,AFRICA INTERNATIONAL UNIVERSITY,BACHELOR OF SCIENCE IN ENTREPRENEURSHIP
BACHELOR OF SCIENCE (PROJECT PLANNING AND MANAGEMENT),ENG,MAT A,BIO,BIO,MAT A: C,,BOMET UNIVERSITY COLLEGE,BACHELOR OF SCIENCE (PROJECT PLANNING AND MANAGEMENT)
BACHELOR OF PROJECT PLANNING AND MANAGEMENT,ENG,MAT A,BIO,BIO,MAT A: C,,BOMET UNIVERSITY COLLEGE,BACHELOR OF SCIENCE (PROJECT PLANNING AND MANAGEMENT)
BACHELOR OF ENTREPRENUERSHIP AND ENTERPRISE MANAGEMENT,ENG,MAT A,BIO,BIO,MAT A: C,,AFRICA INTERNATIONAL UNIVERSITY,BACHELOR OF SCIENCE IN ENTREPRENEURSHIP
BACHELOR OF SCIENCE (PROJECT PLANNING MANAGEMENT),ENG,MAT A,BIO,BIO,MAT A: C,,BOMET UNIVERSITY COLLEGE,BACHELOR OF SCIENCE (PROJECT PLANNING AND MANAGEMENT)
BACHELOR OF ENTREPRENUERSHIP AND MANAGEMENT,ENG,MAT A,BIO,BIO,MAT A: C,,AFRICA INTERNATIONAL UNIVERSITY,BACHELOR OF SCIENCE IN ENTREPRENEURSHIP
"BACHELOR OF BUSINESS ENTREPRENEURSHIP , WITH IT",ENG,MAT A,BIO,BIO,MAT A: C,,AFRICA INTERNATIONAL UNIVERSITY,BACHELOR OF SCIENCE IN ENTREPRENEURSHIP
BACHELOR OF HOTEL MANAGEMENT,ENG,MAT A,BIO,BIO,MAT A: C,,CO-OPERATIVE UNIVERSITY OF KENYA,BACHELOR OF CATERING AND HOSPITALITY MANAGEMENT
BACHELOR OF PROJECT MANAGEMENT,ENG,MAT A,BIO,BIO,MAT A: C,,BOMET UNIVERSITY COLLEGE,BACHELOR OF SCIENCE (PROJECT PLANNING AND MANAGEMENT)
BACHELOR OF CATERING AND HOSPITALITY MANAGEMENT,ENG,MAT A,BIO,BIO,MAT A: C,,CO-OPERATIVE UNIVERSITY OF KENYA,BACHELOR OF CATERING AND HOSPITALITY MANAGEMENT
BACHELOR OF SCIENCE (STRATEGIC MANAGEMENT),ENG,MAT A,BIO,BIO,MAT A: C,,BOMET UNIVERSITY COLLEGE,BACHELOR OF SCIENCE (STRATEGIC MANAGEMENT)
BACHELOR OF TECHNOLOGY (INSTITUTIONAL MANAGEMENT),ENG,MAT A,BIO,BIO,MAT A: C,,CO-OPERATIVE UNIVERSITY OF KENYA,BACHELOR OF CATERING AND HOSPITALITY MANAGEMENT
BACHELOR OF CO-OPERATIVE MANAGEMENT,ENG,MAT A,BIO,BIO,MAT A: C,,CO-OPERATIVE UNIVERSITY OF KENYA,BACHELOR OF CO-OPERATIVES AND COMMUNITY DEVELOPMENT
BACHELOR OF SCIENCE IN CO-OPERATIVE  AND ENTREPRENEURSHIP MANAGEMENT,ENG,MAT A,BIO,BIO,MAT A: C,,CO-OPERATIVE UNIVERSITY OF KENYA,BACHELOR OF CO-OPERATIVES AND COMMUNITY DEVELOPMENT
BACHELOR OF CO-OPERATIVES AND COMMUNITY DEVELOPMENT,ENG,MAT A,BIO,BIO,MAT A: C,,CO-OPERATIVE UNIVERSITY OF KENYA,BACHELOR OF CO-OPERATIVES AND COMMUNITY DEVELOPMENT
BACHELOR OF SCIENCE IN HEALTH RECORDS MANAGEMENT & INFORMATICS,ENG,MAT A,BIO,BIO,MAT A: C,,RONGO UNIVERSITY,BACHELOR OF SCIENCE (HEALTH RECORDS AND INFORMATICS)
BACHELOR OF SCIENCE (HEALTH RECORDS AND INFORMATICS),ENG,MAT A,BIO,BIO,MAT A: C,,RONGO UNIVERSITY,BACHELOR OF SCIENCE (HEALTH RECORDS AND INFORMATICS)
BACHELOR OF BUSINESS LEADERSHIP,ENG,MAT A,BIO,BIO,MAT A: C,,ALUPE UNIVERSITY COLLEGE,BACHELOR OF BUSINESS MANAGEMENT
BACHELOR OF SCIENCE(BUSINESS INFORMATION SYSTEMS),ENG,MAT A,BIO,BIO,MAT A: C,,"UNIVERSITY OF EASTERN AFRICA, BARATON",BACHELOR OF BUSINESS INFORMATION TECHNOLOGY
BACHELOR OF SCIENCE (INFORMATION SYSTEMS),ENG,MAT A,BIO,BIO,MAT A: C,,MASENO UNIVERSITY,BACHELOR OF SCIENCE (INFORMATION SYSTEMS)
"BACHELOR OF ARTS (BUSINESS STUDIES, WITH IT)",ENG,MAT A,BIO,BIO,MAT A: C,,TOM MBOYA UNIVERSITY COLLEGE,"BACHELOR OF ARTS (BUSINESS STUDIES, WITH IT)"
BACHELOR OF SCIENCE (FOOD SERVICE AND HOSPITALITY MANAGEMENT),ENG,MAT A,BIO,BIO,MAT A: C,,JOMO KENYATTA UNIVERSITY OF AGRICULTURE AND TECHNOLOGY,BACHELOR OF SCIENCE (FOOD SERVICE AND HOSPITALITY MANAGEMENT)
BACHELOR OF SCIENCE IN HEALTH SYSTEMS MANAGEMENT AND ECONOMICS,ENG,MAT A,BIO,BIO,MAT A: C,,AMREF INTERNATIONAL UNIVERSITY,BACHELOR OF SCIENCE IN HEALTH SYSTEMS MANAGEMENT
BACHELOR OF SCIENCE IN INTERNATIONAL BUSINESS MANAGEMENT,ENG,MAT A,BIO,BIO,MAT A: C,,AFRICA INTERNATIONAL UNIVERSITY,BACHELOR IN BUSINESS ADMINISTRATION
BACHELOR OF CO-OPERATIVE BUSINESS,ENG,MAT A,BIO,BIO,MAT A: C,,CO-OPERATIVE UNIVERSITY OF KENYA,BACHELOR OF CO-OPERATIVE BUSINESS
BACHELOR OF SCIENCE ( HEALTH RECORDS AND INFORMATION MANAGEMENT),ENG,MAT A,BIO,BIO,MAT A: C,,RONGO UNIVERSITY,BACHELOR OF SCIENCE (HEALTH RECORDS AND INFORMATICS)
BACHELOR OF SCIENCE IN HEALTH SYSTEMS MANAGEMENT,ENG,MAT A,BIO,BIO,MAT A: C,,AMREF INTERNATIONAL UNIVERSITY,BACHELOR OF SCIENCE IN HEALTH SYSTEMS MANAGEMENT
BACHELOR OF SCIENCE (HEALTH RECORDS AND INFORMATION TECHNOLOGY),ENG,MAT A,BIO,BIO,MAT A: C,,RONGO UNIVERSITY,BACHELOR OF SCIENCE (HEALTH RECORDS AND INFORMATICS)
BACHELOR OF BUSINESS INFORMATION AND MANAGEMENT,ENG,MAT A,BIO,BIO,MAT A: C,,ALUPE UNIVERSITY COLLEGE,BACHELOR OF BUSINESS MANAGEMENT
BACHELOR OF TOURISM AND TRAVEL MANAGEMENT,ENG,MAT A,BIO,BIO,MAT A: C,,CO-OPERATIVE UNIVERSITY OF KENYA,BACHELOR OF TOURISM AND TRAVEL MANAGEMENT
"BACHELOR OF SCIENCE IN ECO-TOURISM, HOTEL AND INSTITUTION MANAGEMENT",ENG,MAT A,BIO,BIO,MAT A: C,,CO-OPERATIVE UNIVERSITY OF KENYA,BACHELOR OF CATERING AND HOSPITALITY MANAGEMENT
BACHELOR OF EDUCATION (EARLY CHILDHOOD DEVELOPMENT),ENG,MAT A,BIO,KIS,ENG: C,MAT A: D+,AFRICA INTERNATIONAL UNIVERSITY,BACHELOR OF EDUCATION(EARLY CHILDHOOD DEVELOPMENT)
BACHELOR OF SCIENCE (HOSPITALITY MANAGEMENT),ENG,MAT A,BIO,BIO,MAT A: C,,ALUPE UNIVERSITY COLLEGE,BACHELOR OF HOTEL AND HOSPITALITY MANAGEMENT
"BACHELOR OF EDUCATION (EARLY CHILDHOOD EDUCATION, WITH IT)",ENG,MAT A,BIO,KIS,ENG: C,MAT A: D+,AFRICA INTERNATIONAL UNIVERSITY,BACHELOR OF EDUCATION(EARLY CHILDHOOD DEVELOPMENT)
BACHELOR OF EDUCATION (EARLY CHILDHOOD EDUCATION),ENG,MAT A,BIO,KIS,ENG: C,MAT A: D+,AFRICA INTERNATIONAL UNIVERSITY,BACHELOR OF EDUCATION(EARLY CHILDHOOD DEVELOPMENT)
BACHELOR OF SCIENCE IN TRAVEL AND TOURISM MANAGEMENT,ENG,MAT A,BIO,BIO,MAT A: C,,CO-OPERATIVE UNIVERSITY OF KENYA,BACHELOR OF TOURISM AND TRAVEL MANAGEMENT
BACHELOR OF EDUCATION(EARLY CHILDHOOD DEVELOPMENT),ENG,MAT A,BIO,KIS,ENG: C,MAT A: D+,AFRICA INTERNATIONAL UNIVERSITY,BACHELOR OF EDUCATION(EARLY CHILDHOOD DEVELOPMENT)
BACHELOR OF ACTUARIAL SCIENCE,MAT A,BIO,HAG,BIO,MAT A: C+,,GARISSA UNIVERSITY,BACHELOR OF SCIENCE (ACTUARIAL SCIENCE)
BACHELOR OF EDUCATION (EARLY CHILDHOOD AND PRIMARY EDUCATION),ENG,MAT A,BIO,KIS,ENG: C,MAT A: D+,AFRICA INTERNATIONAL UNIVERSITY,BACHELOR OF EDUCATION(EARLY CHILDHOOD DEVELOPMENT)
BACHELOR OF EDUCATION (EARLY CHILDHOOD DEVELOPMENT EDUCATION),ENG,MAT A,BIO,KIS,ENG: C,MAT A: D+,AFRICA INTERNATIONAL UNIVERSITY,BACHELOR OF EDUCATION(EARLY CHILDHOOD DEVELOPMENT)
BACHELOR OF SCIENCE (ACTUARIAL SCIENCE),MAT A,BIO,HAG,BIO,MAT A: C+,,GARISSA UNIVERSITY,BACHELOR OF SCIENCE (ACTUARIAL SCIENCE)
"BACHELOR OF SCIENCE (ACTUARIAL SCIENCE, WITH IT)",MAT A,BIO,HAG,BIO,MAT A: C+,,GARISSA UNIVERSITY,BACHELOR OF SCIENCE (ACTUARIAL SCIENCE)
"BACHELOR OF SCIENCE (MATHEMATICAL SCIENCES, WITH IT)",MAT A,BIO,HAG,BIO,MAT A: C+,,"UNIVERSITY OF EASTERN AFRICA, BARATON",BACHELOR OF SCIENCE IN MATHEMATICS
BACHELOR OF SCIENCE IN MATHEMATICS,MAT A,BIO,HAG,BIO,MAT A: C+,,"UNIVERSITY OF EASTERN AFRICA, BARATON",BACHELOR OF SCIENCE IN MATHEMATICS
BACHELOR OF SCIENCE (MATHEMATICS),MAT A,BIO,HAG,BIO,MAT A: C+,,"UNIVERSITY OF EASTERN AFRICA, BARATON",BACHELOR OF SCIENCE IN MATHEMATICS
BACHELOR OF SCIENCE ( APPLIED STATISTICS WITH COMPUTING),MAT A,BIO,HAG,BIO,MAT A: C+,,ALUPE UNIVERSITY COLLEGE,BACHELOR OF SCIENCE ( APPLIED STATISTICS WITH COMPUTING)
BACHELOR OF SCIENCE IN ECONOMICS,MAT A,BIO,HAG,BIO,MAT A: C+,,ALUPE UNIVERSITY COLLEGE,BACHELOR OF ARTS (ECONOMICS)
BACHELOR OF ECONOMICS,MAT A,BIO,HAG,BIO,MAT A: C+,,ALUPE UNIVERSITY COLLEGE,BACHELOR OF ARTS (ECONOMICS)
BACHELOR OF SCIENCE (APPLIED STATISTICS WITH COMPUTING),MAT A,BIO,HAG,BIO,MAT A: C+,,ALUPE UNIVERSITY COLLEGE,BACHELOR OF SCIENCE ( APPLIED STATISTICS WITH COMPUTING)
BACHELOR OF SCIENCE STATISTICS,MAT A,BIO,HAG,BIO,MAT A: C+,,ALUPE UNIVERSITY COLLEGE,BACHELOR OF SCIENCE ( APPLIED STATISTICS WITH COMPUTING)
BACHELOR OF SCIENCE (STATISTICS),MAT A,BIO,HAG,BIO,MAT A: C+,,ALUPE UNIVERSITY COLLEGE,BACHELOR OF SCIENCE ( APPLIED STATISTICS WITH COMPUTING)
"BACHELOR OF SCIENCE (APPLIED STATISTICS, WITH IT)",MAT A,BIO,HAG,BIO,MAT A: C+,,ALUPE UNIVERSITY COLLEGE,BACHELOR OF SCIENCE ( APPLIED STATISTICS WITH COMPUTING)
BACHELOR OF SCIENCE (APPLIED STATISTICS),MAT A,BIO,HAG,BIO,MAT A: C+,,ALUPE UNIVERSITY COLLEGE,BACHELOR OF SCIENCE ( APPLIED STATISTICS WITH COMPUTING)
BACHELOR OF SCIENCE IN APPLIED STATISTICS WITH COMPUTING,MAT A,BIO,HAG,BIO,MAT A: C+,,ALUPE UNIVERSITY COLLEGE,BACHELOR OF SCIENCE ( APPLIED STATISTICS WITH COMPUTING)
BACHELOR OF SCIENCE IN APPLIED STATISTICS,MAT A,BIO,HAG,BIO,MAT A: C+,,ALUPE UNIVERSITY COLLEGE,BACHELOR OF SCIENCE ( APPLIED STATISTICS WITH COMPUTING)
BACHELOR OF SCIENCE (MATHEMATICS & COMPUTER SCIENCE),MAT A,BIO,HAG,BIO,MAT A: C+,,KENYA METHODIST UNIVERSITY,BACHELOR OF SCIENCE IN MATHEMATICS AND COMPUTER SCIENCE
BACHELOR OF SCIENCE (MATHEMATICS AND COMPUTER SCIENCE),MAT A,BIO,HAG,BIO,MAT A: C+,,KENYA METHODIST UNIVERSITY,BACHELOR OF SCIENCE IN MATHEMATICS AND COMPUTER SCIENCE
BACHELOR OF ARTS (ECONOMICS & SOCIOLOGY),MAT A,BIO,HAG,BIO,MAT A: C+,,ALUPE UNIVERSITY COLLEGE,BACHELOR OF ARTS (ECONOMICS)
BACHELOR OF SCIENCE IN MATHEMATICS AND COMPUTER SCIENCE,MAT A,BIO,HAG,BIO,MAT A: C+,,KENYA METHODIST UNIVERSITY,BACHELOR OF SCIENCE IN MATHEMATICS AND COMPUTER SCIENCE
BACHELOR OF SCIENCE (MATHEMATICS WITH COMPUTING),MAT A,BIO,HAG,BIO,MAT A: C+,,KENYA METHODIST UNIVERSITY,BACHELOR OF SCIENCE IN MATHEMATICS AND COMPUTER SCIENCE
BACHELOR OF ARTS (ECONOMICS AND SOCIOLOGY),MAT A,BIO,HAG,BIO,MAT A: C+,,ALUPE UNIVERSITY COLLEGE,BACHELOR OF ARTS (ECONOMICS)
BACHELOR OF SCIENCE (INDUSTRIAL MATHEMATICS),MAT A,BIO,HAG,BIO,MAT A: C+,,JOMO KENYATTA UNIVERSITY OF AGRICULTURE AND TECHNOLOGY,BACHELOR OF SCIENCE (INDUSTRIAL MATHEMATICS)
BACHELOR OF ECONOMICS & STATISTICS,MAT A,BIO,HAG,BIO,MAT A: C+,,ALUPE UNIVERSITY COLLEGE,BACHELOR OF ARTS (ECONOMICS)
BACHELOR OF ARTS (HISTORY & ECONOMICS),MAT A,BIO,HAG,BIO,MAT A: C+,,CHUKA UNIVERSITY,BACHELOR OF ARTS IN HISTORY AND ECONOMICS
BACHELOR OF ECONOMICS AND STATISTICS,MAT A,BIO,HAG,BIO,MAT A: C+,,ALUPE UNIVERSITY COLLEGE,BACHELOR OF ARTS (ECONOMICS)
BACHELOR OF SCIENCE (ECONOMICS & STATISTICS),MAT A,BIO,HAG,BIO,MAT A: C+,,ALUPE UNIVERSITY COLLEGE,BACHELOR OF ARTS (ECONOMICS)
BACHELOR OF SCIENCE (ECONOMICS AND STATISTICS),MAT A,BIO,HAG,BIO,MAT A: C+,,ALUPE UNIVERSITY COLLEGE,BACHELOR OF ARTS (ECONOMICS)
BACHELOR OF ARTS IN HISTORY AND ECONOMICS,MAT A,BIO,HAG,BIO,MAT A: C+,,CHUKA UNIVERSITY,BACHELOR OF ARTS IN HISTORY AND ECONOMICS
BACHELOR OF SCIENCE IN FINANCIAL ECONOMICS,MAT A,BIO,HAG,BIO,MAT A: C+,,ALUPE UNIVERSITY COLLEGE,BACHELOR OF ARTS (ECONOMICS)
BACHELOR OF SCIENCE (OPERATIONS RESEARCH),MAT A,BIO,HAG,BIO,MAT A: C+,,JOMO KENYATTA UNIVERSITY OF AGRICULTURE AND TECHNOLOGY,BACHELOR OF SCIENCE (OPERATIONS RESEARCH)
BACHELOR OF SCIENCE DATA SCIENCE,MAT A,BIO,HAG,BIO,MAT A: C+,,"UNIVERSITY OF EASTERN AFRICA, BARATON",BACHELOR OF SCIENCE IN MATHEMATICS
BACHELOR OF SCIENCE (FINANCIAL ENGINEERING),MAT A,BIO,HAG,BIO,MAT A: C+,,ALUPE UNIVERSITY COLLEGE,BACHELOR OF ARTS (ECONOMICS)
BACHELOR OF SCIENCE (MATHEMATICS WITH  IT),MAT A,BIO,HAG,BIO,MAT A: C+,,"UNIVERSITY OF EASTERN AFRICA, BARATON",BACHELOR OF SCIENCE IN MATHEMATICS
BACHELOR OF SCIENCE (FINANCE),MAT A,BIO,HAG,BIO,MAT A: C+,,CO-OPERATIVE UNIVERSITY OF KENYA,BACHELOR OF SCIENCE (FINANCE)
BACHELOR OF SCIENCE IN MATHEMATICS AND FINANCE,MAT A,BIO,HAG,BIO,MAT A: C+,,TECHNICAL UNIVERSITY OF MOMBASA,BACHELOR OF SCIENCE IN MATHEMATICS AND FINANCE
BACHELOR OF SCIENCE IN FINANCE,MAT A,BIO,HAG,BIO,MAT A: C+,,CO-OPERATIVE UNIVERSITY OF KENYA,BACHELOR OF SCIENCE (FINANCE)
"BACHELOR OF SCIENCE (MATHEMATICS & ECONOMICS, WITH IT",MAT A,BIO,HAG,BIO,MAT A: C+,,CHUKA UNIVERSITY,BACHELOR OF ARTS IN MATHEMATICS AND ECONOMICS
BACHELOR OF ECONOMICS & FINANCE,MAT A,BIO,HAG,BIO,MAT A: C+,,ALUPE UNIVERSITY COLLEGE,BACHELOR OF ARTS (ECONOMICS)
BACHELOR OF SCIENCE IN ECONOMICS AND MATHEMATICS,MAT A,BIO,HAG,BIO,MAT A: C+,,CHUKA UNIVERSITY,BACHELOR OF ARTS IN MATHEMATICS AND ECONOMICS
BACHELOR OF SCIENCE (MATHEMATICS AND ECONOMICS),MAT A,BIO,HAG,BIO,MAT A: C+,,CHUKA UNIVERSITY,BACHELOR OF ARTS IN MATHEMATICS AND ECONOMICS
BACHELOR OF BUSINESS ADMINISTRATION IN FINANCE,MAT A,BIO,HAG,BIO,MAT A: C+,,ALUPE UNIVERSITY COLLEGE,BACHELOR OF ARTS (ECONOMICS)
BACHELOR OF ARTS IN MATHEMATICS AND ECONOMICS,MAT A,BIO,HAG,BIO,MAT A: C+,,CHUKA UNIVERSITY,BACHELOR OF ARTS IN MATHEMATICS AND ECONOMICS
BACHELOR OF ECONOMICS AND FINANCE,MAT A,BIO,HAG,BIO,MAT A: C+,,ALUPE UNIVERSITY COLLEGE,BACHELOR OF ARTS (ECONOMICS)
"BACHELOR OF SCIENCE (MATHEMATICS & BUSINESS STUDIES, WITH IT)",MAT A,BIO,HAG,BIO,MAT A: C+,,MASENO UNIVERSITY,"BACHELOR OF SCIENCE (MATHEMATICS & BUSINESS STUDIES, WITH IT)"
BACHELOR OF SCIENCE IN FINANCE AND STATISTICS,MAT A,BIO,HAG,BIO,MAT A: C+,,CO-OPERATIVE UNIVERSITY OF KENYA,BACHELOR OF SCIENCE (FINANCE)
BACHELOR OF BUSINESS ADMINISTRATION IN ACCOUNTING,MAT A,BIO,HAG,BIO,MAT A: C+,ENG: C+,"UNIVERSITY OF EASTERN AFRICA, BARATON",BACHELOR OF BUSINESS ADMINISTRATION IN ACCOUNTING
"BACHELOR OF ARTS (ECONOMICS, WITH IT)",MAT A,BIO,HAG,BIO,MAT A: C+,,ALUPE UNIVERSITY COLLEGE,BACHELOR OF ARTS (ECONOMICS)
BA in Biblical Studies,CRE,ENG,HAG,BIO,CRE: C+,ENG: C,KENYA ASSEMBLIES OF GOD EAST UNIVERSITY,BA in Biblical Studies
BA in Church Educational Ministries,CRE,ENG,HAG,BIO,CRE: C+,ENG: C,KENYA ASSEMBLIES OF GOD EAST UNIVERSITY,BA in Church Educational Ministries
BACHELOR OF ARTS IN ECONOMICS,MAT A,BIO,HAG,BIO,MAT A: C+,,ALUPE UNIVERSITY COLLEGE,BACHELOR OF ARTS (ECONOMICS)
BACHELOR OF SCIENCE IN MATHEMATICS & PHYSICS,MAT A,BIO,HAG,BIO,MAT A: C+,,"UNIVERSITY OF EASTERN AFRICA, BARATON",BACHELOR OF SCIENCE IN MATHEMATICS
BACHELOR OF ARTS IN ECONOMICS AND BUSINESS STUDIES,MAT A,BIO,HAG,BIO,MAT A: C+,,ALUPE UNIVERSITY COLLEGE,BACHELOR OF ARTS (ECONOMICS)
BACHELOR OF ARTS (RELIGIOUS STUDIES),CRE,ENG,HAG,BIO,CRE: C+,ENG: C,CATHOLIC UNIVERSITY OF EAST AFRICA,BACHELOR OF ARTS (RELIGIOUS STUDIES)
BACHELOR OF ARTS (ECONOMICS),MAT A,BIO,HAG,BIO,MAT A: C+,,ALUPE UNIVERSITY COLLEGE,BACHELOR OF ARTS (ECONOMICS)
BA in Inter-Cultural Studies,CRE,ENG,HAG,BIO,CRE: C+,ENG: C,KENYA ASSEMBLIES OF GOD EAST UNIVERSITY,BA in Inter-Cultural Studies
BACHELOR OF ARTS IN PASTORAL THEOLOGY,CRE,ENG,HAG,BIO,CRE: C+,ENG: C,INTERNATIONAL LEADERSHIP UNIVERSITY,BACHELOR OF THEOLOGY
BACHELOR OF THEOLOGY,CRE,ENG,HAG,BIO,CRE: C+,ENG: C,INTERNATIONAL LEADERSHIP UNIVERSITY,BACHELOR OF THEOLOGY
BACHELOR OF DIVINITY,CRE,ENG,HAG,BIO,CRE: C+,ENG: C,INTERNATIONAL LEADERSHIP UNIVERSITY,BACHELOR OF THEOLOGY
BACHELOR OF ARTS IN THEOLOGY,CRE,ENG,HAG,BIO,CRE: C+,ENG: C,INTERNATIONAL LEADERSHIP UNIVERSITY,BACHELOR OF THEOLOGY
BACHELOR OF THEOLOGY IN PASTORAL THEOLOGY,CRE,ENG,HAG,BIO,CRE: C+,ENG: C,INTERNATIONAL LEADERSHIP UNIVERSITY,BACHELOR OF THEOLOGY
BACHELOR OF ARTS IN BIBLE AND THEOLOGY,CRE,ENG,HAG,BIO,CRE: C+,ENG: C,KENYA ASSEMBLIES OF GOD EAST UNIVERSITY,BA in Biblical Studies
BACHELOR OF CHRISTIAN EDUCATION,CRE,ENG,HAG,BIO,CRE: C+,ENG: C,KENYA ASSEMBLIES OF GOD EAST UNIVERSITY,BA in Church Educational Ministries
BACHELOR OF ARTS IN ISLAMIC STUDIES ,CRE,ENG,HAG,BIO,IRE: C+,,PWANI UNIVERSITY,BACHELOR OF ARTS IN ISLAMIC STUDIES 
BACHELOR OF ARTS IN ISLAMIC SHARIA,CRE,ENG,HAG,BIO,IRE: C+,,PWANI UNIVERSITY,BACHELOR OF ARTS IN ISLAMIC STUDIES 
BACHELOR OF SCIENCE (AGRICULTURE),BIO,CHE,MAT A,ENG,BIO: C+,CHE: C+,"UNIVERSITY OF EASTERN AFRICA, BARATON",BACHELOR OF SCIENCE IN AGRICULTURE
BACHELOR OF SCIENCE IN FOOD SCIENCE AND TECHNOLOGY,BIO,CHE,MAT A,ENG,CHE: C+,BIO: C+,CHUKA UNIVERSITY,BACHELOR OF SCIENCE (FOOD SCIENCE & TECHNOLOGY)
BACHELOR OF SCIENCE IN FOOD TECHNOLOGY & QUALITY ASSURANCE,BIO,CHE,MAT A,ENG,CHE: C+,BIO: C+,CHUKA UNIVERSITY,BACHELOR OF SCIENCE (FOOD SCIENCE & TECHNOLOGY)
BACHELOR OF SCIENCE (RANGE MANAGEMENT),BIO,CHE,MAT A,ENG,BIO: C+,CHE: C+,SOUTH EASTERN KENYA UNIVERSITY,BACHELOR OF SCIENCE (RANGE MANAGEMENT)
BACHELOR OF SCIENCE IN AGRICULTURE,BIO,CHE,MAT A,ENG,BIO: C+,CHE: C+,"UNIVERSITY OF EASTERN AFRICA, BARATON",BACHELOR OF SCIENCE IN AGRICULTURE
BACHELOR OF SCIENCE (FOOD SCIENCE & TECHNOLOGY),BIO,CHE,MAT A,ENG,CHE: C+,BIO: C+,CHUKA UNIVERSITY,BACHELOR OF SCIENCE (FOOD SCIENCE & TECHNOLOGY)
BACHELOR OF SCIENCE (WILDLIFE ENTERPRISES & MANAGEMENT),BIO,CHE,MAT A,ENG,BIO: C+,CHE: C+,CHUKA UNIVERSITY,BACHELOR OF SCIENCE (WILDLIFE ENTERPRISE MANAGEMENT)
BACHELOR OF SCIENCE (FOOD SCIENCE AND TECHNOLOGY),BIO,CHE,MAT A,ENG,CHE: C+,BIO: C+,CHUKA UNIVERSITY,BACHELOR OF SCIENCE (FOOD SCIENCE & TECHNOLOGY)
BACHELOR OF SCIENCE (WILDLIFE ENTERPRISE MANAGEMENT),BIO,CHE,MAT A,ENG,BIO: C+,CHE: C+,CHUKA UNIVERSITY,BACHELOR OF SCIENCE (WILDLIFE ENTERPRISE MANAGEMENT)
BACHELOR OF SCIENCE (WILDLIFE MANAGEMENT),BIO,CHE,MAT A,ENG,BIO: C+,CHE: C+,CHUKA UNIVERSITY,BACHELOR OF SCIENCE (WILDLIFE ENTERPRISE MANAGEMENT)
BACHELOR OF SCIENCE (WILDLIFE MANAGEMENT AND CONSERVATION),BIO,CHE,MAT A,ENG,BIO: C+,CHE: C+,CHUKA UNIVERSITY,BACHELOR OF SCIENCE (WILDLIFE ENTERPRISE MANAGEMENT)
BACHELOR OF SCIENCE (AGROFORESTRY & RURAL DEVELOPMENT),BIO,CHE,MAT A,ENG,BIO: C+,CHE: C+,UNIVERSITY OF KABIANGA,BACHELOR OF SCIENCE (AGROFORESTRY & RURAL DEVELOPMENT)
BACHELOR OF SCIENCE (HORTICULTURE),BIO,CHE,MAT A,ENG,BIO: C+,CHE: C+,CHUKA UNIVERSITY,BACHELOR OF SCIENCE (HORTICULTURE)
BACHELOR OF SCIENCE HORTICULTURE,BIO,CHE,MAT A,ENG,BIO: C+,CHE: C+,CHUKA UNIVERSITY,BACHELOR OF SCIENCE (HORTICULTURE)
BACHELOR OF SCIENCE (HORTICULTURAL SCIENCE & MANAGEMENT),BIO,CHE,MAT A,ENG,BIO: C+,CHE: C+,CHUKA UNIVERSITY,BACHELOR OF SCIENCE (HORTICULTURE)
"BACHELOR OF SCIENCE (HORTICULTURE, WITH IT)",BIO,CHE,MAT A,ENG,BIO: C+,CHE: C+,CHUKA UNIVERSITY,BACHELOR OF SCIENCE (HORTICULTURE)
BACHELOR OF SCIENCE IN MANAGEMENT OF AGRI. ECOSYSTEMS,BIO,CHE,MAT A,ENG,BIO: C+,CHE: C+,AFRICA NAZARENE UNIVERSITY,BACHELOR OF SCIENCE IN ENVIRONMENTAL RESOURCE MANAGEMENT 
BACHELOR OF SCIENCE IN HORTICULTURAL SCIENCE & MANAGEMENT,BIO,CHE,MAT A,ENG,BIO: C+,CHE: C+,CHUKA UNIVERSITY,BACHELOR OF SCIENCE (HORTICULTURE)
BACHELOR OF SCIENCE(HORTICULTURE),BIO,CHE,MAT A,ENG,BIO: C+,CHE: C+,CHUKA UNIVERSITY,BACHELOR OF SCIENCE (HORTICULTURE)
BACHELOR OF SCIENCE IN SOIL ENVIRONMENT & LAND USE MANAGEMENT),BIO,CHE,MAT A,ENG,BIO: C+,CHE: C+,AFRICA NAZARENE UNIVERSITY,BACHELOR OF SCIENCE IN ENVIRONMENTAL RESOURCE MANAGEMENT 
BACHELOR OF SCIENCE (MANAGEMENT OF AGRO-ECOSYSTEM AND ENVIRONMENT),BIO,CHE,MAT A,ENG,BIO: C+,CHE: C+,AFRICA NAZARENE UNIVERSITY,BACHELOR OF SCIENCE IN ENVIRONMENTAL RESOURCE MANAGEMENT 
BACHELOR OF SCIENCE (FOOD SCIENCE & NUTRITION),BIO,CHE,MAT A,ENG,CHE: C+,BIO: C+,JOMO KENYATTA UNIVERSITY OF AGRICULTURE AND TECHNOLOGY,BACHELOR OF SCIENCE (FOOD SCIENCE AND NUTRITION)
"BACHELOR OF SCIENCE (NUTRITION AND DIETETICS, WITH IT)",BIO,CHE,MAT A,ENG,CHE: C,BIO: C,"UNIVERSITY OF EASTERN AFRICA, BARATON",BACHELOR OF SCIENCE IN NUTRITION AND DIETETICS
BACHELOR OF SCIENCE (FOOD SCIENCE AND NUTRITION),BIO,CHE,MAT A,ENG,CHE: C+,BIO: C+,JOMO KENYATTA UNIVERSITY OF AGRICULTURE AND TECHNOLOGY,BACHELOR OF SCIENCE (FOOD SCIENCE AND NUTRITION)
BACHELOR OF SCIENCE (FOOD NUTRITION & DIETETICS),BIO,CHE,MAT A,ENG,CHE: C,BIO: C,"UNIVERSITY OF EASTERN AFRICA, BARATON",BACHELOR OF SCIENCE IN NUTRITION AND DIETETICS
BACHELOR OF SCIENCE IN FOOD SCIENCE AND NUTRITION,BIO,CHE,MAT A,ENG,CHE: C+,BIO: C+,JOMO KENYATTA UNIVERSITY OF AGRICULTURE AND TECHNOLOGY,BACHELOR OF SCIENCE (FOOD SCIENCE AND NUTRITION)
BACHELOR OF SCIENCE IN FOOD NUTRITION AND DIETETICS,BIO,CHE,MAT A,ENG,CHE: C,BIO: C,"UNIVERSITY OF EASTERN AFRICA, BARATON",BACHELOR OF SCIENCE IN NUTRITION AND DIETETICS
BACHELOR OF SCIENCE (FOOD NUTRITION AND DIETETICS),BIO,CHE,MAT A,ENG,CHE: C,BIO: C,"UNIVERSITY OF EASTERN AFRICA, BARATON",BACHELOR OF SCIENCE IN NUTRITION AND DIETETICS
BACHELOR OF SCIENCE (ENVIRONMENTAL CONSERVATION AND NATURAL RESOURCES MANAGEMENT),BIO,CHE,MAT A,ENG,BIO: C+,CHE: C+,AFRICA NAZARENE UNIVERSITY,BACHELOR OF SCIENCE IN ENVIRONMENTAL RESOURCE MANAGEMENT 
BACHELOR OF SCIENCE IN NUTRITION AND DIETETICS,BIO,CHE,MAT A,ENG,CHE: C,BIO: C,"UNIVERSITY OF EASTERN AFRICA, BARATON",BACHELOR OF SCIENCE IN NUTRITION AND DIETETICS
BACHELOR OF ENVIRONMENTAL SCIENCE,BIO,CHE,MAT A,ENG,BIO: C+,CHE: C+,AFRICA NAZARENE UNIVERSITY,BACHELOR OF SCIENCE IN ENVIRONMENTAL RESOURCE MANAGEMENT 
BACHELOR OF SCIENCE IN ENVIRONMENTAL STUDIES,BIO,CHE,MAT A,ENG,BIO: C+,CHE: C+,AFRICA NAZARENE UNIVERSITY,BACHELOR OF SCIENCE IN ENVIRONMENTAL RESOURCE MANAGEMENT 
"BACHELOR OF SCIENCE (ENVIRONMENTAL SCIENCE, WITH IT)",BIO,CHE,MAT A,ENG,BIO: C+,CHE: C+,AFRICA NAZARENE UNIVERSITY,BACHELOR OF SCIENCE IN ENVIRONMENTAL RESOURCE MANAGEMENT 
BACHELOR OF ENVIRONMENTAL STUDIES (SCIENCE),BIO,CHE,MAT A,ENG,BIO: C+,CHE: C+,AFRICA NAZARENE UNIVERSITY,BACHELOR OF SCIENCE IN ENVIRONMENTAL RESOURCE MANAGEMENT 
BACHELOR OF SCIENCE IN ENVIRONMENTAL SCIENCE,BIO,CHE,MAT A,ENG,BIO: C+,CHE: C+,AFRICA NAZARENE UNIVERSITY,BACHELOR OF SCIENCE IN ENVIRONMENTAL RESOURCE MANAGEMENT 
BACHELOR OF SCIENCE(ENVIRONMENTAL STUDIES),BIO,CHE,MAT A,ENG,BIO: C+,CHE: C+,AFRICA NAZARENE UNIVERSITY,BACHELOR OF SCIENCE IN ENVIRONMENTAL RESOURCE MANAGEMENT 
BACHELOR OF SCIENCE (ENVIRONMENTAL SCIENCE),BIO,CHE,MAT A,ENG,BIO: C+,CHE: C+,AFRICA NAZARENE UNIVERSITY,BACHELOR OF SCIENCE IN ENVIRONMENTAL RESOURCE MANAGEMENT 
BACHELOR OF SCIENCE (ENVIRONMENTAL SCIENCES),BIO,CHE,MAT A,ENG,BIO: C+,CHE: C+,AFRICA NAZARENE UNIVERSITY,BACHELOR OF SCIENCE IN ENVIRONMENTAL RESOURCE MANAGEMENT 
BACHELOR OF ENVIRONMENTAL STUDIES (COMMUNITY DEVELOPMENT),BIO,CHE,MAT A,ENG,BIO: C+,CHE: C+,AFRICA NAZARENE UNIVERSITY,BACHELOR OF SCIENCE IN ENVIRONMENTAL RESOURCE MANAGEMENT 
BACHELOR OF SCIENCE IN ENVIRONMENTAL SCIENCE AND TECHNOLOGY,BIO,CHE,MAT A,ENG,BIO: C+,CHE: C+,AFRICA NAZARENE UNIVERSITY,BACHELOR OF SCIENCE IN ENVIRONMENTAL RESOURCE MANAGEMENT 
BACHELOR OF ENVIRONMENTAL STUDIES,BIO,CHE,MAT A,ENG,BIO: C+,CHE: C+,KENYATTA UNIVERSITY,BACHELOR OF SCIENCE (ENVIRONMENTAL EDUCATION)
BACHELOR OF SCIENCE (FOOD SCIENCE AND NUTRITION),BIO,CHE,MAT A,ENG,CHE: C+,BIO: C+,JOMO KENYATTA UNIVERSITY OF AGRICULTURE AND TECHNOLOGY,BACHELOR OF SCIENCE (FOOD SCIENCE AND NUTRITION)
BACHELOR OF SCIENCE IN ANIMAL PRODUCTION AND PROCESSING,BIO,CHE,MAT A,ENG,BIO: C+,MAT A: C+,CHUKA UNIVERSITY,BACHELOR OF SCIENCE (ANIMAL SCIENCE)
BACHELOR OF SCIENCE IN ANIMAL HEALTH AND PRODUCTION,BIO,CHE,MAT A,ENG,BIO: C+,MAT A: C+,CHUKA UNIVERSITY,BACHELOR OF SCIENCE (ANIMAL SCIENCE)
BACHELOR OF SCIENCE (ANIMAL SCIENCE),BIO,CHE,MAT A,ENG,BIO: C+,MAT A: C+,CHUKA UNIVERSITY,BACHELOR OF SCIENCE (ANIMAL SCIENCE)
"BACHELOR OF SCIENCE (ANIMAL SCIENCE, WITH IT)",BIO,CHE,MAT A,ENG,BIO: C+,MAT A: C+,CHUKA UNIVERSITY,BACHELOR OF SCIENCE (ANIMAL SCIENCE)
BACHELOR OF SCIENCE (ANIMAL PRODUCTION & HEALTH MANAGEMENT),BIO,CHE,MAT A,ENG,BIO: C+,MAT A: C+,CHUKA UNIVERSITY,BACHELOR OF SCIENCE (ANIMAL SCIENCE)
BACHELOR OF SCIENCE IN ANIMAL SCIENCE,BIO,CHE,MAT A,ENG,BIO: C+,MAT A: C+,CHUKA UNIVERSITY,BACHELOR OF SCIENCE (ANIMAL SCIENCE)
BACHELOR OF SCIENCE IN ANIMAL SCIENCE,BIO,CHE,MAT A,ENG,BIO: C+,MAT A: C+,CHUKA UNIVERSITY,BACHELOR OF SCIENCE (ANIMAL SCIENCE)
BACHELOR OF SCIENCE (DAIRY TECHNOLOGY & MANAGEMENT),BIO,CHE,MAT A,ENG,BIO: C+,CHE: C+,EGERTON UNIVERSITY,BACHELOR OF SCIENCE (DAIRY TECHNOLOGY & MANAGEMENT)
BACHELOR OF SCIENCE (FORESTRY),BIO,CHE,MAT A,ENG,BIO: C+,CHE: C+,EGERTON UNIVERSITY,BACHELOR OF SCIENCE (INTEGRATED FOREST RESOURCES MANAGEMENT)
BACHELOR OF SCIENCE (ANIMAL HEALTH AND PRODUCTION),BIO,CHE,MAT A,ENG,BIO: C+,MAT A: C+,CHUKA UNIVERSITY,BACHELOR OF SCIENCE (ANIMAL SCIENCE)
BACHELOR OF SCIENCE (ANIMAL HEALTH & PRODUCTION),BIO,CHE,MAT A,ENG,BIO: C+,MAT A: C+,CHUKA UNIVERSITY,BACHELOR OF SCIENCE (ANIMAL SCIENCE)
BACHELOR OF ENVIRONMENTAL PLANNING & MANAGEMENT,BIO,CHE,MAT A,ENG,BIO: C+,CHE: C+,AFRICA NAZARENE UNIVERSITY,BACHELOR OF SCIENCE IN ENVIRONMENTAL RESOURCE MANAGEMENT 
BACHELOR OF SCIENCE (APPLIED AQUATIC SCIENCE),BIO,CHE,MAT A,ENG,BIO: C+,CHE: C+,CHUKA UNIVERSITY,BACHELOR OF SCIENCE IN FISHERIES AND AQUACULTURE
BACHELOR OF SCIENCE IN AGRICULTURE AND EXTENSION,BIO,CHE,MAT A,ENG,BIO: C+,CHE: C+,"UNIVERSITY OF EASTERN AFRICA, BARATON",BACHELOR OF SCIENCE IN AGRICULTURE
BACHELOR OF SCIENCE (LAND RESOURCE PLANNING & MANAGEMENT),BIO,CHE,MAT A,ENG,BIO: C+,CHE: C+,JOMO KENYATTA UNIVERSITY OF AGRICULTURE AND TECHNOLOGY,BACHELOR OF SCIENCE (LAND RESOURCE PLANNING & MANAGEMENT)
BACHELOR OF SCIENCE (ENVIRONMENTAL HORTICULTURE & LANDSCAPING TECHNOLOGY),BIO,CHE,MAT A,ENG,BIO: C+,CHE: C+,JOMO KENYATTA UNIVERSITY OF AGRICULTURE AND TECHNOLOGY,BACHELOR OF SCIENCE (ENVIRONMENTAL HORTICULTURE & LANDSCAPING TECHNOLOGY)
BACHELOR OF ARTS IN ENVIRONMENTAL PLANNING AND MANAGEMENT,BIO,CHE,MAT A,ENG,BIO: C+,CHE: C+,AFRICA NAZARENE UNIVERSITY,BACHELOR OF SCIENCE IN ENVIRONMENTAL RESOURCE MANAGEMENT 
"BACHELOR OF SCIENCE (DRY LAND, AGRICULTURE & ENTERPRISE DEVELOPMENT)",BIO,CHE,MAT A,ENG,BIO: C+,CHE: C+,EGERTON UNIVERSITY,BACHELOR OF SCIENCE IN DRYLAND RESOURCE MANAGEMENT
BACHELOR OF SCIENCE (DRYLAND AGRICULTURE),BIO,CHE,MAT A,ENG,BIO: C+,CHE: C+,EGERTON UNIVERSITY,BACHELOR OF SCIENCE IN DRYLAND RESOURCE MANAGEMENT
BACHELOR OF SCIENCE IN DRYLAND RESOURCE MANAGEMENT,BIO,CHE,MAT A,ENG,BIO: C+,CHE: C+,EGERTON UNIVERSITY,BACHELOR OF SCIENCE IN DRYLAND RESOURCE MANAGEMENT
BACHELOR OF SCIENCE IN NATURAL RESOURCE MANAGEMENT,BIO,CHE,MAT A,ENG,BIO: C+,CHE: C+,AFRICA NAZARENE UNIVERSITY,BACHELOR OF SCIENCE IN ENVIRONMENTAL RESOURCE MANAGEMENT 
BACHELOR OF SCIENCE (NATURAL RESOURCES MANAGEMENT),BIO,CHE,MAT A,ENG,BIO: C+,CHE: C+,AFRICA NAZARENE UNIVERSITY,BACHELOR OF SCIENCE IN ENVIRONMENTAL RESOURCE MANAGEMENT 
BACHELOR OF SCIENCE (NATURAL RESOURCE MANAGEMENT),BIO,CHE,MAT A,ENG,BIO: C+,CHE: C+,AFRICA NAZARENE UNIVERSITY,BACHELOR OF SCIENCE IN ENVIRONMENTAL RESOURCE MANAGEMENT 
BACHELOR OF SCIENCE IN NATURAL RESOURCES,BIO,CHE,MAT A,ENG,BIO: C+,CHE: C+,AFRICA NAZARENE UNIVERSITY,BACHELOR OF SCIENCE IN ENVIRONMENTAL RESOURCE MANAGEMENT 
BACHELOR OF SCIENCE (HUMAN NUTRITION AND DIETETICS),BIO,CHE,MAT A,ENG,CHE: C,BIO: C,"UNIVERSITY OF EASTERN AFRICA, BARATON",BACHELOR OF SCIENCE IN NUTRITION AND DIETETICS
BACHELOR OF SCIENCE IN AGRICULTURE AND RURAL DEVELOPMENT,BIO,CHE,MAT A,ENG,BIO: C+,CHE: C+,EGERTON UNIVERSITY,BACHELOR OF SCIENCE IN DRYLAND RESOURCE MANAGEMENT
BACHELOR OF SCIENCE IN HUMAN NUTRITION AND DIETETICS,BIO,CHE,MAT A,ENG,CHE: C,BIO: C,"UNIVERSITY OF EASTERN AFRICA, BARATON",BACHELOR OF SCIENCE IN NUTRITION AND DIETETICS
BACHELOR OF SCIENCE (AGRICULTURAL EXTENSION EDUCATION),BIO,CHE,MAT A,ENG,BIO: C+,CHE: C+,BOMET UNIVERSITY COLLEGE,BACHELOR OF SCIENCE AGRICULTURAL EXTENSION AND EDUCATION
BACHELOR OF SCIENCE IN AGRICULTURAL EXTENSION EDUCATION,BIO,CHE,MAT A,ENG,BIO: C+,CHE: C+,BOMET UNIVERSITY COLLEGE,BACHELOR OF SCIENCE AGRICULTURAL EXTENSION AND EDUCATION
BACHELOR OF SCIENCE (AGRICULTURAL EDUCATION AND EXTENSION),BIO,CHE,MAT A,ENG,BIO: C+,CHE: C+,BOMET UNIVERSITY COLLEGE,BACHELOR OF SCIENCE AGRICULTURAL EXTENSION AND EDUCATION
BACHELOR OF SCIENCE IN AGRICULTURE EDUCATION & EXTENSION,BIO,CHE,MAT A,ENG,BIO: C+,CHE: C+,BOMET UNIVERSITY COLLEGE,BACHELOR OF SCIENCE AGRICULTURAL EXTENSION AND EDUCATION
BACHELOR OF AGRICULTURAL EDUCATION & EXTENSION,BIO,CHE,MAT A,ENG,BIO: C+,CHE: C+,BOMET UNIVERSITY COLLEGE,BACHELOR OF SCIENCE AGRICULTURAL EXTENSION AND EDUCATION
BACHELOR OF SCIENCE AGRICULTURAL EXTENSION AND EDUCATION,BIO,CHE,MAT A,ENG,BIO: C+,CHE: C+,BOMET UNIVERSITY COLLEGE,BACHELOR OF SCIENCE AGRICULTURAL EXTENSION AND EDUCATION
BACHELOR OF AGRICULTURAL EDUCATION AND EXTENSION,BIO,CHE,MAT A,ENG,BIO: C+,CHE: C+,BOMET UNIVERSITY COLLEGE,BACHELOR OF SCIENCE AGRICULTURAL EXTENSION AND EDUCATION
BACHELOR OF EDUCATION (AGRICULTURAL EDUCATION),BIO,CHE,MAT A,ENG,BIO: C+,CHE: C+,BOMET UNIVERSITY COLLEGE,BACHELOR OF SCIENCE AGRICULTURAL EXTENSION AND EDUCATION
BACHELOR OF SCIENCE (AGRICULTURAL EXTENSION AND RURAL DEVELOPMENT),BIO,CHE,MAT A,ENG,BIO: C+,CHE: C+,BOMET UNIVERSITY COLLEGE,BACHELOR OF SCIENCE AGRICULTURAL EXTENSION AND EDUCATION
BACHELOR OF SCIENCE (AGRICULTURAL EDUCATION AND EXTENSION),BIO,CHE,MAT A,ENG,BIO: C+,CHE: C+,BOMET UNIVERSITY COLLEGE,BACHELOR OF SCIENCE AGRICULTURAL EXTENSION AND EDUCATION
BACHELOR OF SCIENCE (AGRICULTURAL EDUCATION & EXTENSION),BIO,CHE,MAT A,ENG,BIO: C+,CHE: C+,BOMET UNIVERSITY COLLEGE,BACHELOR OF SCIENCE AGRICULTURAL EXTENSION AND EDUCATION
BACHELOR OF SCIENCE (AGRICULTURE EDUCATION & EXTENSION),BIO,CHE,MAT A,ENG,BIO: C+,CHE: C+,BOMET UNIVERSITY COLLEGE,BACHELOR OF SCIENCE AGRICULTURAL EXTENSION AND EDUCATION
BACHELOR OF SCIENCE (AGRICULTURE EDUCATION AND EXTENSION),BIO,CHE,MAT A,ENG,BIO: C+,CHE: C+,BOMET UNIVERSITY COLLEGE,BACHELOR OF SCIENCE AGRICULTURAL EXTENSION AND EDUCATION
BACHELOR OF SCIENCE (INTEGRATED FOREST RESOURCES MANAGEMENT),BIO,CHE,MAT A,ENG,BIO: C+,CHE: C+,EGERTON UNIVERSITY,BACHELOR OF SCIENCE (INTEGRATED FOREST RESOURCES MANAGEMENT)
BACHELOR OF SCIENCE (CROP IMPROVEMENT & PROTECTION),BIO,CHE,MAT A,ENG,BIO: C+,CHE: C+,KENYATTA UNIVERSITY,BACHELOR OF SCIENCE (CROP IMPROVEMENT & PROTECTION)
"BACHELOR OF SCIENCE (AGRICULTURE EDUCATION AND EXTENSION, WITH IT)",BIO,CHE,MAT A,ENG,BIO: C+,CHE: C+,BOMET UNIVERSITY COLLEGE,BACHELOR OF SCIENCE AGRICULTURAL EXTENSION AND EDUCATION
BACHELOR OF SCIENCE (AGRICULTURAL EXTENSION AND EDUCATION),BIO,CHE,MAT A,ENG,BIO: C+,CHE: C+,BOMET UNIVERSITY COLLEGE,BACHELOR OF SCIENCE AGRICULTURAL EXTENSION AND EDUCATION
BACHELOR OF SCIENCE IN AGRICULTURAL EDUCATION & EXTENSION,BIO,CHE,MAT A,ENG,BIO: C+,CHE: C+,BOMET UNIVERSITY COLLEGE,BACHELOR OF SCIENCE AGRICULTURAL EXTENSION AND EDUCATION
BACHELOR OF SCIENCE (LEATHER TECHNOLOGY),BIO,CHE,MAT A,ENG,BIO: C+,CHE: C+,DEDAN KIMATHI UNIVERSITY OF TECHNOLOGY,BACHELOR OF SCIENCE IN LEATHER TECHNOLOGY
BACHELOR OF SCIENCE IN LEATHER TECHNOLOGY,BIO,CHE,MAT A,ENG,BIO: C+,CHE: C+,DEDAN KIMATHI UNIVERSITY OF TECHNOLOGY,BACHELOR OF SCIENCE IN LEATHER TECHNOLOGY
BACHELOR OF SCIENCE (SOIL SCIENCE),BIO,CHE,MAT A,ENG,BIO: C+,CHE: C+,JARAMOGI OGINGA ODINGA UNIVERSITY OF SCIENCE AND TECHNOLOGY,BACHELOR OF SCIENCE (SOIL SCIENCE)
BACHELOR OF SCIENCE(FOOD SECURITY),BIO,CHE,MAT A,ENG,CHE: C+,BIO: C+,JARAMOGI OGINGA ODINGA UNIVERSITY OF SCIENCE AND TECHNOLOGY,BACHELOR OF SCIENCE(FOOD SECURITY)
BACHELOR OF SCIENCE (SOIL SCIENCE AND PLANT NUTRITION),BIO,CHE,MAT A,ENG,BIO: C+,CHE: C+,JARAMOGI OGINGA ODINGA UNIVERSITY OF SCIENCE AND TECHNOLOGY,BACHELOR OF SCIENCE (SOIL SCIENCE)
BACHELOR OF TECHNOLOGY (ENVIRONMENTAL RESOURCE MANAGEMENT),BIO,CHE,MAT A,ENG,BIO: C+,CHE: C+,AFRICA NAZARENE UNIVERSITY,BACHELOR OF SCIENCE IN ENVIRONMENTAL RESOURCE MANAGEMENT 
BACHELOR OF SCIENCE (NUTRACEUTICAL SCIENCE AND TECHNOLOGY),BIO,CHE,MAT A,ENG,BIO: C+,CHE: C+,JOMO KENYATTA UNIVERSITY OF AGRICULTURE AND TECHNOLOGY,BACHELOR OF SCIENCE (NUTRACEUTICAL SCIENCE AND TECHNOLOGY)
BACHELOR OF SCIENCE (FISHERIES AND AQUACULTURE MANAGEMENT),BIO,CHE,MAT A,ENG,BIO: C+,CHE: C+,CHUKA UNIVERSITY,BACHELOR OF SCIENCE IN FISHERIES AND AQUACULTURE
BACHELOR OF SCIENCE IN ENERGY AND ENVIRONMENTAL TECHNOLOGY,BIO,CHE,MAT A,ENG,BIO: C+,CHE: C+,JOMO KENYATTA UNIVERSITY OF AGRICULTURE AND TECHNOLOGY,BACHELOR OF SCIENCE IN ENERGY AND ENVIRONMENTAL TECHNOLOGY
"BACHELOR OF TECHNOLOGY IN WATER, SANITATION AND HABITAT ENGINEERING",BIO,CHE,MAT A,ENG,BIO: C+,CHE: C+,AFRICA NAZARENE UNIVERSITY,BACHELOR OF SCIENCE IN ENVIRONMENTAL RESOURCE MANAGEMENT 
"BACHELOR OF SCIENCE (FISHERIES AND NATURAL RESOURCES, WITH IT)",BIO,CHE,MAT A,ENG,BIO: C+,CHE: C+,CHUKA UNIVERSITY,BACHELOR OF SCIENCE IN FISHERIES AND AQUACULTURE
BACHELOR OF SCIENCE (WATER RESOURCES AND ENVIRONMENT),BIO,CHE,MAT A,ENG,BIO: C+,CHE: C+,AFRICA NAZARENE UNIVERSITY,BACHELOR OF SCIENCE IN ENVIRONMENTAL RESOURCE MANAGEMENT 
BACHELOR OF SCIENCE (WATER RESOURCE MANAGEMENT),BIO,CHE,MAT A,ENG,BIO: C+,CHE: C+,AFRICA NAZARENE UNIVERSITY,BACHELOR OF SCIENCE IN ENVIRONMENTAL RESOURCE MANAGEMENT 
BACHELOR OF SCIENCE (WATER AND ENVIRONMENT MANAGEMENT),BIO,CHE,MAT A,ENG,BIO: C+,CHE: C+,AFRICA NAZARENE UNIVERSITY,BACHELOR OF SCIENCE IN ENVIRONMENTAL RESOURCE MANAGEMENT 
BACHELOR OF SCIENCE IN AQUACULTURE AND FISHERIES TECHNOLOGY,BIO,CHE,MAT A,ENG,BIO: C+,CHE: C+,CHUKA UNIVERSITY,BACHELOR OF SCIENCE IN FISHERIES AND AQUACULTURE
BACHELOR OF SCIENCE IN AQUACULTURE TECHNOLOGY,BIO,CHE,MAT A,ENG,BIO: C+,CHE: C+,CHUKA UNIVERSITY,BACHELOR OF SCIENCE IN FISHERIES AND AQUACULTURE
BACHELOR OF SCIENCE (FISHERIES & AQUATIC SCIENCES),BIO,CHE,MAT A,ENG,BIO: C+,CHE: C+,CHUKA UNIVERSITY,BACHELOR OF SCIENCE IN FISHERIES AND AQUACULTURE
BACHELOR OF SCIENCE (FISHERIES AND AQUACULTURE),BIO,CHE,MAT A,ENG,BIO: C+,CHE: C+,CHUKA UNIVERSITY,BACHELOR OF SCIENCE IN FISHERIES AND AQUACULTURE
BACHELOR OF SCIENCE IN FISHERIES AND AQUACULTURE,BIO,CHE,MAT A,ENG,BIO: C+,CHE: C+,CHUKA UNIVERSITY,BACHELOR OF SCIENCE IN FISHERIES AND AQUACULTURE
BACHELOR OF SCIENCE ( BIO-RESOURCES MANAGEMENT AND CONSERVATION),BIO,CHE,MAT A,ENG,BIO: C+,CHE: C+,KIBABII UNIVERSITY,BACHELOR OF SCIENCE ( BIO-RESOURCES MANAGEMENT AND CONSERVATION)
BACHELOR OF SCIENCE IN MARITIME MANAGEMENT (COMMERCIAL),BIO,CHE,MAT A,ENG,BIO: C+,CHE: C+,PWANI UNIVERSITY,BACHELOR OF MARITIME STUDIES
BACHELOR OF SCIENCE IN FISHERIES AND AQUACULTURE,BIO,CHE,MAT A,ENG,BIO: C+,CHE: C+,CHUKA UNIVERSITY,BACHELOR OF SCIENCE IN FISHERIES AND AQUACULTURE
BACHELOR OF SCIENCE (COASTAL & MARINE RESOURCE MANAGEMENT,BIO,CHE,MAT A,ENG,BIO: C+,CHE: C+,KENYATTA UNIVERSITY,BACHELOR OF SCIENCE (COASTAL & MARINE RESOURCE MANAGEMENT
BACHELOR OF SCIENCE IN FISHERIES AND AQUACULTURE TECHNOLOGY,BIO,CHE,MAT A,ENG,BIO: C+,CHE: C+,CHUKA UNIVERSITY,BACHELOR OF SCIENCE IN FISHERIES AND AQUACULTURE
BACHELOR OF MARITIME STUDIES,BIO,CHE,MAT A,ENG,BIO: C+,CHE: C+,PWANI UNIVERSITY,BACHELOR OF MARITIME STUDIES
BACHELOR OF SCIENCE IN FISHERIES AND OCEANOGGRAPHY,BIO,CHE,MAT A,ENG,BIO: C+,CHE: C+,CHUKA UNIVERSITY,BACHELOR OF SCIENCE IN FISHERIES AND AQUACULTURE
BACHELOR OF SCIENCE IN MARINE RESOURCE MANAGEMENT,BIO,CHE,MAT A,ENG,BIO: C+,CHE: C+,KENYATTA UNIVERSITY,BACHELOR OF SCIENCE (COASTAL & MARINE RESOURCE MANAGEMENT
BACHELOR OF SCIENCE (MARINE BIOLOGY & FISHERIES),BIO,CHE,MAT A,ENG,BIO: C+,CHE: C+,KENYATTA UNIVERSITY,BACHELOR OF SCIENCE (COASTAL & MARINE RESOURCE MANAGEMENT
BACHELOR OF SCIENCE (CLIMATE CHANGE ADAPTATION AND SUSTAINABLE DEVELOPMENT),BIO,CHE,MAT A,ENG,BIO: C+,CHE: C+,MASINDE MULIRO UNIVERSITY OF SCIENCE & TECHNOLOGY,BACHELOR OF SCIENCE (CLIMATE CHANGE ADAPTATION AND SUSTAINABLE DEVELOPMENT)
BACHELOR OF SCIENCE (UTILIZATION & SUSTAINABILITY OF ARID LANDS (USAL),BIO,CHE,MAT A,ENG,BIO: C+,CHE: C+,LAIKIPIA UNIVERSITY,BACHELOR OF SCIENCE (UTILIZATION & SUSTAINABILITY OF ARID LANDS (USAL)
BACHELOR OF SCIENCE (ENVIRONMENTAL EDUCATION),BIO,CHE,MAT A,ENG,BIO: C+,CHE: C+,KENYATTA UNIVERSITY,BACHELOR OF ENVIRONMENTAL SCIENCE (RESOURCE CONSERVATION)
"BACHELOR OF SCIENCE (AGRONOMY, WITH IT)",BIO,CHE,MAT A,ENG,BIO: C+,CHE: C+,MASENO UNIVERSITY,"BACHELOR OF SCIENCE (AGRONOMY, WITH IT)"
BACHELOR OF SCIENCE (AGRICULTURE AND BIOTECHNOLOGY),BIO,CHE,MAT A,ENG,BIO: C+,CHE: C+,KIBABII UNIVERSITY,BACHELOR OF SCIENCE (AGRICULTURE & BIOTECHNOLOGY)
BACHELOR OF SCIENCE (AGRICULTURAL BIOTECHNOLOGY),BIO,CHE,MAT A,ENG,BIO: C+,CHE: C+,KIBABII UNIVERSITY,BACHELOR OF SCIENCE (AGRICULTURE & BIOTECHNOLOGY)
BACHELOR OF SCIENCE (AGRICULTURE & BIOTECHNOLOGY),BIO,CHE,MAT A,ENG,BIO: C+,CHE: C+,KIBABII UNIVERSITY,BACHELOR OF SCIENCE (AGRICULTURE & BIOTECHNOLOGY)
BACHELOR OF SCIENCE (FOOD SCIENCE AND MANAGEMENT),BIO,CHE,MAT A,ENG,CHE: C+,BIO: C+,CHUKA UNIVERSITY,BACHELOR OF SCIENCE (FOOD SCIENCE & TECHNOLOGY)
BACHELOR OF SCIENCE IN FOOD SCIENCE AND PROCESSING,BIO,CHE,MAT A,ENG,CHE: C+,BIO: C+,CHUKA UNIVERSITY,BACHELOR OF SCIENCE (FOOD SCIENCE & TECHNOLOGY)
BACHELOR OF ARTS IN GEOGRAPHY AND NATURAL RESOURCE MANAGEMENT,BIO,CHE,MAT A,ENG,BIO: C+,CHE: C+,JARAMOGI OGINGA ODINGA UNIVERSITY OF SCIENCE AND TECHNOLOGY,BACHELOR OF ARTS IN GEOGRAPHY AND NATURAL RESOURCE MANAGEMENT
BACHELOR OF ENVIRONMENTAL SCIENCE (RESOURCE CONSERVATION),BIO,CHE,MAT A,ENG,BIO: C+,CHE: C+,KENYATTA UNIVERSITY,BACHELOR OF ENVIRONMENTAL SCIENCE (RESOURCE CONSERVATION)
BACHELOR OF ENVIRONMENTAL STUDIES (ENVIRONMENTAL RESOURCE CONSERVATION),BIO,CHE,MAT A,ENG,BIO: C+,CHE: C+,KENYATTA UNIVERSITY,BACHELOR OF ENVIRONMENTAL SCIENCE (RESOURCE CONSERVATION)
"BACHELOR OF SCIENCE (GEOGRAPHY AND NATURAL RESOURCE MANAGEMENT, WITH IT)",BIO,CHE,MAT A,ENG,BIO: C+,CHE: C+,JARAMOGI OGINGA ODINGA UNIVERSITY OF SCIENCE AND TECHNOLOGY,BACHELOR OF ARTS IN GEOGRAPHY AND NATURAL RESOURCE MANAGEMENT
BACHELOR OF SCIENCE IN ANIMAL PRODUCTS TECHNOLOGY,BIO,CHE,MAT A,ENG,BIO: C+,MAT A: C+,CHUKA UNIVERSITY,BACHELOR OF SCIENCE IN ANIMAL PRODUCTS TECHNOLOGY
BACHELOR OF SCIENCE IN ENVIRONMENTAL RESOURCE MANAGEMENT ,BIO,CHE,MAT A,ENG,BIO: C+,CHE: C+,AFRICA NAZARENE UNIVERSITY,BACHELOR OF SCIENCE IN ENVIRONMENTAL RESOURCE MANAGEMENT 
BACHELOR OF SCIENCE ( ENVIRONMENTAL SCIENCE AND  RESOURCE MANAGEMENT ),BIO,CHE,MAT A,ENG,BIO: C+,CHE: C+,AFRICA NAZARENE UNIVERSITY,BACHELOR OF SCIENCE IN ENVIRONMENTAL RESOURCE MANAGEMENT 
BACHELOR OF SCIENCE (ENVIRONMENTAL MANAGEMENT),BIO,CHE,MAT A,ENG,BIO: C+,CHE: C+,AFRICA NAZARENE UNIVERSITY,BACHELOR OF SCIENCE IN ENVIRONMENTAL RESOURCE MANAGEMENT 
